{"layerSizes":[3,10,5,2],"connections":[{"weights":[-2.71e-321,-2.71e-321,2.71e-321,-2.71e-321,-2.71e-321,2.71e-321,2.71e-321,2.71e-321,2.71e-321,-2.4e-322,-2.4e-322,-2.4e-322,-2.71e-321,-2.71e-321,2.71e-321,2.71e-321,2.71e-321,2.71e-321,-2.4e-322,2.4e-322,2.4e-322,-2.71e-321,-2.71e-321,2.71e-321,2.71e-321,2.71e-321,-2.71e-321,-2.71e-321,-2.71e-321,2.71e-321],"biases":[-7779686613.099174,-13491381.176096661,814655.6624360955,0.0,-4763152131.93255,534242.4435511193,0.0,-8409686378.845801,53411962.66080845,-2578806.948055129],"activationType":2},{"weights":[-2.71e-321,2.4e-322,-2.71e-321,-2.4e-322,-2.71e-321,-2.71e-321,-2.4e-322,-2.71e-321,-2.4e-322,-2.4e-322,-2.71e-321,-2.71e-321,2.71e-321,-2.4e-322,-2.71e-321,2.71e-321,2.4e-322,-2.71e-321,-2.71e-321,-2.71e-321,-2.4e-322,2.4e-322,-2.71e-321,2.4e-322,-2.4e-322,-2.71e-321,2.4e-322,-2.4e-322,-2.71e-321,2.4e-322,-2.71e-321,2.4e-322,-2.71e-321,-2.4e-322,-2.71e-321,-2.71e-321,2.4e-322,-2.71e-321,-2.4e-322,2.4e-322,-2.71e-321,-2.71e-321,2.71e-321,2.4e-322,-2.71e-321,2.71e-321,-2.4e-322,-2.71e-321,-2.71e-321,-2.71e-321],"biases":[-515.181005972635,-46695331.563184339,-4134796.5529847189,-460.08217796687998,-85455690.07183096],"activationType":2},{"weights":[-2.71e-321,2.71e-321,2.71e-321,-2.71e-321,2.71e-321,2.71e-321,-2.71e-321,-2.71e-321,2.71e-321,-2.71e-321],"biases":[56.991081410334718,-56.991081410334718],"activationType":5}],"costFunctionType":0}