{"layerSizes":[100,5,5,5,4],"connections":[{"weights":[0.0002587228864799354,0.0004447781102031064,-0.0002791071793673394,0.0002904611387655422,-0.00016469370156458487,0.000008937764966836812,-0.00012433900738483737,-0.00001297238330395257,-0.00018828873470492556,-0.00003717930147252694,0.00009739306789969152,-0.00020090076742621194,-0.000022824200711578986,-0.00030716283965758926,-0.000044036450866782456,-0.0002761533887910753,-0.0001875494586894159,-0.00046334651509345336,-0.00014941727719701293,-0.0001614515007050692,-0.00003637328666468841,-0.00026587582755107844,-3.667730742764241e-8,0.00010472707522260929,-0.00008572385730702133,-0.00024344065680799107,-0.0001046780371974448,-0.00016510246492028335,-0.0002653852646545398,-0.0003454358818379189,-0.00015404907504843,0.00008428856139366515,-0.00016140916448160404,-0.00043974430803497545,-0.000003979965868371009,0.00008031162892904266,-0.00034036209683283107,-0.0005588860701454655,0.00006033775521070649,-0.00035581463828451105,-0.000010901451260744856,-0.000020412800924825787,0.00023336609283742987,-0.00023058937403227378,0.00031899662227640146,-0.0001823525234430815,-0.00015127059935417052,-0.00035076408285903153,-0.0003034132342661747,-0.00010898554574314725,-0.000021074788616207227,-0.00015963598616388144,-0.00017649218419672327,-0.00007208769032950912,0.000021086732606616015,-0.0002490633010477341,0.00014061503751006363,0.00021123806581757636,-0.0000953947146206874,-0.00003031651794594168,-0.00005937849916904465,-0.0003426251092092809,0.00011180953779183247,-0.00027484703178950256,-0.00034735454880084973,-0.000003651905404002603,-0.00004976827132427612,-0.0003716622087196729,-0.000034026777898615256,-0.00026892338190986735,-0.00031065840844191826,-0.000012818519748592802,5.933397921375573e-7,0.00022273299405747556,-0.00010392087691918848,0.000052280495645895347,-0.00032251108661829396,-0.00001410732610379572,0.000066978083397932,-0.00029968265682056897,-0.00009804646316236258,-0.00019530028420441389,-0.00007684818004864501,-0.0005341368394884837,-0.0002455972025360815,-0.00010286460349446571,-0.00042186562847798667,0.00005199357257357482,-0.00028125285014840335,0.00018025169281686945,-0.000056511767410069256,0.00008957421798421024,-0.0003229224896432815,0.00013889248667374622,-0.0001078627489798544,-0.00004298599708648759,-0.00010972618542533318,-0.000017387133414391017,-0.00028020696692384976,-0.0005309768785019263,0.00048800478539172886,0.0006297719277993173,0.0004275480126713299,0.0005200660966174205,0.00018490799482484742,0.0005626038895697409,0.00032590988783115456,0.0003064225062820559,0.0005498324867494978,0.0001551446811903527,0.0006531617093555931,0.0003555017676955603,0.0005429001870020894,0.00066968546623267,0.0007719702690294201,0.0009698424301193757,0.0008779684466546784,0.0008477214934421575,0.0007218171881620071,0.0005833208227561877,0.0002789216955773042,0.0006525248293751705,0.000554165157604009,0.0006301868320498002,0.0007188551810119332,0.0006036097486613933,0.00004121635776172512,0.0010564907730536576,0.0009040134706609798,0.0006024082502132043,0.0004975291327103852,0.0010678567076692703,0.0004285672030365304,0.0009258308462713032,0.0008815205903804561,0.0009634116408941386,0.000586427966000052,0.000818498685093,0.0008661408184490733,0.00031200064071770805,0.0003999551654981886,0.00028633351431324883,0.0009277741701063177,0.00045927848390915453,0.0008230634529448465,0.0002777349681066012,0.0006468168416121334,0.0006799497628433961,0.0009654775405713462,0.0006175633168022663,0.0001820103564559499,0.0009101212119204228,0.0007010494356366856,0.00042540499673371894,0.0007212436428036016,0.0007593069707300347,0.0006359213508127252,0.0003199128453039094,0.0005180466064461419,0.0006339092831024226,0.0004527272166492657,0.0005790388743483463,0.0009529059995239585,0.0007176948809677743,0.0008944711120064923,0.0006050874083631575,0.0005381157391427575,0.0008526537819796611,0.00042415687610376746,0.0005746829502948636,0.0004966270061007076,0.0004918284778737097,0.0003743316021075766,0.00034109152743579644,0.0004367727780220447,0.0004397435438011887,0.0007394047976664027,0.0001343785314802643,0.0012231286447160185,0.0005308427193388504,-0.00009767335907177675,0.0007613451571877298,0.0006590646859159181,0.0010528804394588539,0.0010491067048138217,0.0009808588981970329,0.0009402645308725741,0.0005785004368396304,0.0009203180724002142,0.0003046329199624273,0.0004724944843852825,0.0004853564296112238,0.00046298530184552277,0.0004830734318951648,0.000710032308112993,0.00046024851645034117,0.0002654619649373428,0.000394184524221803,0.000029512942120196996,0.00019836759964704582,-0.0004631091434440721,-0.0004102398715665965,-0.000479966650733706,-0.0010499537841917346,-0.0006262541236767528,-0.0005188364456949293,-0.00036266509414185173,-0.0004868178938347538,-0.0005113065424882429,-0.0006161908455726696,-0.0005603868558010583,-0.0006734186883265585,-0.001035431679010445,-0.0009655254216404689,-0.000895262861264776,-0.0012109308526173314,-0.001163906723547345,-0.001484590374017712,-0.0012979488538246182,-0.0006206810762246644,-0.0006176864135269399,-0.001561284714513842,-0.0008369489634410546,-0.000632362498386977,-0.0009970256547811954,-0.0010144209983316859,-0.0005381479128456886,-0.0012032264885144127,-0.001237799922842497,-0.0005232903372066462,-0.000594515833915564,-0.0011066000006803965,-0.001541426553669081,-0.0011242565279375335,-0.0012920001539226305,-0.0011310089042082487,-0.0010594282525858467,-0.0013667429050423,-0.0012384790130040816,-0.001043152013792189,-0.0008243922879975853,-0.0005617382282290773,-0.0014142714429993206,-0.0008104144481832247,-0.00101132897444356,-0.0003588768253420707,-0.001342017695168314,-0.0011682878473345566,-0.0012999434455414812,-0.0007821942780636477,-0.0006081999761294673,-0.0013081308280658818,-0.0016467878972990706,-0.0007915013376659886,-0.001395920807139007,-0.000912962772252827,-0.0014271345614163883,-0.0008293685765632331,-0.0005884729676857392,-0.0006212328884571505,-0.000616245266418825,-0.0012234778444001709,-0.001238781916123905,-0.001041688167009578,-0.0009731499910733776,-0.00134128786155776,-0.0015557982127954848,-0.0012418640518587212,-0.0010996410203506697,-0.0004735703547664035,-0.00023599137692431835,-0.0010719695786451647,-0.0006096229587252667,-0.0007013824833015152,-0.0006225456281614798,-0.0014448780967880608,-0.0016065538911771989,-0.000731036817201316,-0.0010187984689448797,-0.0007298608919687286,-0.0006191511744051431,-0.0010925727271807866,-0.0013786067541020188,-0.0012155523594745552,-0.0012169205223935783,-0.0012632245694699553,-0.0008368878284582417,-0.0010705215533804434,-0.0013547481392574229,-0.0005868172141086762,-0.0006328184608915092,-0.0002825150079178112,-0.00042267767826390104,-0.0007785353046231282,-0.00046902284194950944,-0.0007526501683957931,-0.0002783635316602617,-0.0005944931183884861,-0.0006612852723170226,-0.0006499564840513581,0.00029934826296809853,0.00013239159982442555,0.0003725166391461653,0.00026743851391369057,0.000034376152009997184,-0.000011909207345677675,0.0003838700504354784,-0.0001422564325689313,-0.00020594217640173851,0.000006351426788161783,-0.00006361528263740498,0.00004010743005963699,0.0002851868760348619,0.0002061113340015621,0.00038242636640650627,-0.00005488014395536365,-0.00005438237784051008,0.0001684135555330088,0.00024950458909925376,-0.000055711970911725206,-0.00011242740492334088,0.00030119604591234467,0.0003917957324610234,0.0004147326210020907,-0.00007043476650749032,0.0002115941985226917,0.00009391995292245021,0.00048817932262088757,0.0004526148238063534,0.00002281007742197115,0.00004676554260706996,0.0007056543933872281,0.00007199181263509571,-0.000015135488769243259,0.00008755386870316055,0.00035689264279937524,0.000336939612008672,-0.00008814331698767074,0.0003769729806201303,0.00029369016048674216,0.00003992347162524229,-0.000004638551564681377,0.0002062388254336361,0.000028003216242483016,0.0002974501274958152,0.00010631042432551509,0.00023921189555799646,