{"layerSizes":[100,5,5,5,4],"connections":[{"weights":[0.000007778127972049521,-0.00000640395765361204,0.0000025682421494412134,-0.00001640469590788258,-0.000005340401138909529,0.000001911600847660349,0.000002763923640956088,-2.9829082020460807e-8,-0.000015721763713353335,-0.000013823998399724344,0.000010688058543239677,-0.000005014808646731056,0.0000020871727292533339,-9.071380511655778e-7,-0.000006116555687768764,0.0000166349564023845,-0.000006126970463369631,-0.00002039385042052075,0.000013095400835589661,-9.66277841750166e-7,-0.0000055819519689156628,0.000006121454816911798,-0.000007398350709451966,-0.000004604643846185915,-0.0000051575004188752689,-1.2579072842902033e-7,-0.0000024541167411054159,0.0000016216026111370035,-0.0000029827339376314908,8.652589498997137e-7,-0.00000457698017506994,0.000006537515347649353,0.000008178610096722568,0.000004867551844717611,-0.0000020420243921634018,0.000004457882460149297,-0.000010318996349632718,-0.000006001074046525563,-0.000006240415078871263,0.000010492330363655928,-0.000008669309412755843,0.0000018359782378427237,0.0000028405137609328385,-0.000010970480705666153,2.0541093439754565e-8,-0.00000987846685512545,3.5071714737756287e-7,0.000004425072236193688,0.000015934787853152835,-0.0000010926842325371343,-0.0000019096093235927487,-0.000008476160278973993,-0.0000026616440119866599,-0.000003692243632614901,0.0000021317260765996605,-5.129668647244154e-7,0.000011203392903657974,0.000006184425901346351,-0.000010631385699939042,-0.000007479693794471987,0.00000185836689108031,-0.000010478773236994194,2.2591724057929304e-7,-0.000006653818032733421,-0.000014500942490877414,-0.000009993756778883572,0.000002960748315232467,0.000010011375054761431,-0.0000032661567364302378,-0.000004306395878803017,0.00000225505599941843,0.0000025355810153957248,-0.0000120655080454081,0.000017250034532064802,-0.00001352748087569155,-0.000009931508198166285,0.00001896722762221892,-0.000005987210766325211,0.000012701470576829654,-0.0000022687412139144119,0.0000074252106141695918,0.000006014444519957996,-0.000009219707475801702,0.0000019191344742539778,4.338514531631334e-7,0.0000013520090368252849,0.000002939056992246886,0.000007608047524983056,-0.000002799301751934192,-0.000009778085322738973,0.000003314560676390365,0.0000020373706857888276,0.000012929818560241608,0.000006521543023663075,-0.0000070585158369454548,0.0000067714407649012808,-0.0000012778981206697594,0.0000019015597253923782,-0.000008265682934249584,0.0000032287910454157078,0.000006374586727239931,-0.000009287039455152176,-0.00001025561802800951,-0.0000018019759577279749,-0.000011526003226375236,-0.0000030866331670095597,0.000005818504965326089,0.000006038769673003912,-0.0000063259099157822898,-0.000005596887921631025,0.000003786851453835702,0.00000376037181690381,0.000013301824935395632,0.0000023593567496021008,-5.910204472093507e-7,-0.000008792763299259363,-0.000012561306219283163,0.0000023966679406903824,0.000001425857070656058,-0.000011058016208795665,-7.165429312187425e-7,0.0000032333256134658154,0.000004714448496823297,0.000011609458454395476,0.000001972504584979807,0.000004408183489237626,2.5057266729156638e-7,-0.0000017084433871070347,0.000009097280753556426,-0.000008680178571600539,0.0000013605831131495755,-0.000008107083823797042,-0.000011393740860399032,0.000005265922792065328,-0.000008862788498299894,-0.000014362098395010324,0.000007571588579160873,-0.000003894428043804699,-0.0000042746070164012489,-2.2132620193349437e-7,0.00000416023353091083,0.0000018707397519669132,5.72279275165619e-7,-0.000007163051736124237,0.000007584374350216409,0.000003818167199034817,0.0000024087943240582615,-0.0000028299977172773197,0.00000441996771234127,-0.00001490982769529501,0.000008742157625389707,-0.000009176175512745115,0.000004104653846089787,-0.00001457508093140716,-3.4408263393921839e-7,0.000011644670585948763,0.000006420099028829942,-0.000007842909273247312,-0.000012561182090248675,0.0000034811989859237326,0.000004166453356751077,-0.000004834154946770252,-0.0000027997606021146,0.00000932411601245757,0.0000013186238915797885,-0.000005367255624736155,0.00001356069630376913,0.0000036514947253271369,-0.00000940158530037599,-0.000010217419531808615,0.000013959903764209203,-0.000005120213375379232,-0.0000023611226062222686,0.00001536097220358526,-0.000004392865605677901,-0.000009607891496550462,-0.000004222131212825554,-0.0000019756433185279397,0.000004105565166989004,-0.0000025800723533870985,0.000008548488996326268,-0.0000016413306571988955,-0.0000051727933795466649,5.516388016366297e-7,-0.000008943717937860162,0.0000031600267267249236,-0.000014437094611205,-0.0000061688098928940978,0.000004439810709199472,0.000009052966266877688,-0.00001570211796003352,0.000008403516775569835,-0.000002547346547985818,0.0000011771962531247504,0.000016027888336921754,-0.00000442274665600201,0.000008082783291430549,0.000013388686155563458,0.000002752542179788259,0.0000019476040974252447,-0.00008900715085472861,-0.0000799053283282414,-0.00009807347426318907,-0.00007867097080284403,-0.00008289532116322119,-0.00008715385122167177,-0.0000780304916180081,-0.00007488682857376713,-0.00008981671558908538,-0.00007983583323929344,-0.00008213521368191809,-0.00004067229054995549,-0.00016496270237366926,-0.0001600234418409367,-0.0001699875263137016,-0.00017425585031714214,-0.00017448507550911035,-0.00016714063314507408,-0.0001733285496698257,-0.00008958934251759102,-0.00009764856450323319,-0.00015397045724769993,-0.00007696275142853005,-0.00008803441571884184,-0.000172815161280316,-0.00017930107041752544,-0.00008080423167577327,-0.00018012244928832208,-0.00017468444363591848,-0.00009147048742741271,-0.0000759858205620293,-0.00016407511872146106,-0.00015882410925109502,-0.00016985886553125618,-0.0001751465738908699,-0.00015306721261709193,-0.0001748621827174112,-0.0001690546337809705,-0.00017090362406110474,-0.00008259131686032098,-0.00009967341588864063,-0.00007347861415398929,-0.00017362724095601356,-0.00009450778924505211,-0.00017951937149074832,-0.00007364823195073502,-0.00017353650464804147,-0.00014914600795222778,-0.00016566199151093753,-0.00009052879273755446,-0.00008911409041164538,-0.00016930803520770146,-0.00017880343965628813,-0.00008844264456926387,-0.00016344046598452166,-0.00015941058374481593,-0.0001708090626415737,-0.00007864206079238019,-0.00008037276923617966,-0.00007870449987596073,-0.00009183211146414394,-0.00015649990367220596,-0.00015792139532618793,-0.00017018229577836754,-0.00015730985166913691,-0.00016159122898963248,-0.00015599711645675738,-0.00015771713551377477,-0.0001609017846713164,-0.00007828303801582151,-0.00008212903786408578,-0.000162499088461744,-0.00006891739441919096,-0.00009429295493652045,-0.00008166777720560924,-0.00015747860716730928,-0.00017237864719970826,-0.00009121813261493728,-0.00016744109322307417,-0.00008400810079534378,-0.00009299596152129752,-0.00016174027482218287,-0.0001751305496788125,-0.00016229403116803373,-0.0001792196662154391,-0.00017627625020343304,-0.00018359019514536164,-0.0001679655519660781,-0.00017019734739743026,-0.00008710383828368315,-0.00008754761384087708,-0.00007626319403360202,-0.00008979757647004591,-0.00007242701989376039,-0.00008810494469870367,-0.00008778001990001655,-0.00009920250496280237,-0.00007913215919777516,-0.00007683277643893593,-0.00009348117654245459,5.930009199420244e-7,-0.000008790210343478711,-0.0000018826025492892917,0.0000052252566294456929,-0.000002962300732914094,-0.0000068456769838023409,-0.000018452239050467215,0.000008896972714029845,0.000013214351686509522,0.000013269464694147985,0.0000021696927375378906,0.000009870747058933976,-0.0000035433771093924959,-0.00000848909659200244,-0.000024982651273646055,0.0000015993489301462976,-0.000004009601837260014,-0.000018713892070307874,-2.690159638281194e-8,0.00001275288500498624,-0.000001281469975441905,-0.000013541328890651795,0.0000049564480739448689,-0.000005556620161932275,-0.000019908974198057022,-0.000013078753599098276,-0.000004292951927538774,