{"layerSizes":[100,5,5,5,4],"connections":[{"weights":[-0.000007086625872231184,-0.00005464087941650657,-0.00007430706331328474,0.000013427097979081788,-0.00006012274885726685,-0.00006380341790788976,0.000055793875406898087,-0.000037618577894173546,0.000003739087233471447,-0.00002965399071618522,-0.00009464813368979035,0.000008871713768514916,-0.00005094943454771932,-0.000015528814837842217,-0.000035579465729460564,-0.000023344584568605794,0.000034254747376638626,-0.0000028910101477493867,-0.000014603011680585177,-0.000024133025816367057,-0.000008363718058913966,0.000050524514430059355,0.000006078084631273549,0.000032552412523841234,-9.425975647298425e-7,0.000026047088946576155,0.000054808218484098205,-0.00002403439556518991,-0.000020621846384294307,-0.00011172534889327601,-0.000030186616998913904,0.00006023765046673895,0.00003521549417885984,-0.0000622535623513167,0.00006872332962296579,-0.000013535104028127282,-0.000005815477570549343,-0.00003900923982170263,-0.00003648014323921648,-0.00002327674724242926,0.000021453426327894953,0.000030360908519797057,0.000038769195043339404,0.0000060384427365097309,-0.00008549682606720272,0.00005684038777648616,-0.0000048032280647933299,-0.000033300441234262326,-0.0000710602879679825,0.00006239823780709417,4.0256682850724906e-7,0.000015489972416955223,0.00004575355966625987,0.000005356081914569348,0.00001691923527758109,0.00002924035687673888,-0.000016569357819172523,0.000018282868406865215,0.00002279963565854778,-0.00001704482168606356,0.000003454092809957754,-0.0000035068608121852687,-0.000018681675168835214,-0.0000733117114351473,0.00004431961292904206,-0.00002247664999693431,-0.000026832337117324663,-0.00009550525384661829,-0.000003306656523968871,-0.000038345487456214085,0.00000779859212188632,0.00001885974171016153,0.00009114526324917032,8.834595594138476e-7,0.000028916211747486504,0.00003922330093102674,-0.00011745672331261868,-0.00003104761488752061,0.000014991811394596635,0.000024187091531852346,-0.00005564324825288643,-0.000040845925182558426,-0.00002197494843982915,0.00003288521064580752,-0.00004597221931365133,-2.646542170001548e-7,0.00002776089609838166,0.000026453267671036854,-0.00003526811166251304,-0.000034970476823247314,0.00000865407685184561,4.81924990641133e-7,-0.000045249079339396916,-0.000037673571100826965,0.000007961835243437016,0.0000074258905880192708,0.000014863548068048234,-0.000041576427695589986,-0.000014922393818492625,-0.00008285708728539694,-0.0007191920396794846,-0.0007199583370064912,-0.0007327962872144849,-0.0007024902329423574,-0.0007088556001691324,-0.0007202826140965928,-0.000696671122868545,-0.0007461006208084054,-0.0007070738518612618,-0.0007252659296313914,-0.000740186740046118,-0.00040953356896613973,-0.0014498150634750284,-0.0014768150484741683,-0.0014375787677610867,-0.001468573591398201,-0.001470755508594382,-0.0015105425452075633,-0.001461227416583009,-0.0007387468974246777,-0.0008105411190607897,-0.0015118510651339376,-0.0007433637993641601,-0.0006716782897533706,-0.001457366613426344,-0.0015234237077784482,-0.0006782177803770537,-0.0014691322179080247,-0.0015165938764115464,-0.0007362799713428898,-0.0007514814332193848,-0.0014883877531386518,-0.0015408764486959295,-0.001471318388682257,-0.0014102548612139918,-0.0014204036428286113,-0.0014656737410382894,-0.001488465445806291,-0.0013762824113626033,-0.0007091768951336183,-0.0007126526579968303,-0.0006963940896425352,-0.0014902519448990622,-0.0007579410856690013,-0.0014962872830785286,-0.0008421288385897408,-0.0014496452027530909,-0.0014908518230577607,-0.0014362500952681999,-0.0007961607599601624,-0.0007153777512674985,-0.001504403403848448,-0.0015006624753543684,-0.0007212497359063638,-0.0013521353747398852,-0.0015052707754805635,-0.001465148860084358,-0.0007201553672946428,-0.0007749571513534949,-0.0007317693904427136,-0.0007030014174265671,-0.0014420915673294629,-0.0014490932993110348,-0.0014186975891086287,-0.0015063404294090614,-0.001440087479979654,-0.0014515880193239578,-0.0014400820757826654,-0.001516522128787283,-0.0006876539719351836,-0.0007529270385790745,-0.0014588006985047239,-0.0007503095555154508,-0.0007686923968472824,-0.0006597450393233499,-0.001401013728948714,-0.001474223622858916,-0.000720925362861527,-0.001443854614086859,-0.0007239893482753584,-0.0007583821081612125,-0.0014795214983527512,-0.0014312240653781687,-0.0014869206768855625,-0.0014580388324845055,-0.0014633021337985412,-0.0014148171275424884,-0.001385937279367736,-0.0014975817323202828,-0.0007113936666000584,-0.0007993693477471453,-0.0007506103148864212,-0.0007789978374959924,-0.0008204026535595556,-0.0007904613454979396,-0.0008005542580078686,-0.0007504117845973213,-0.0007050430900755268,-0.0007147232759133375,-0.0006897252943790604,-0.0006371740513502069,-0.000686115820050178,-0.0007539456967030081,-0.000687989756963394,-0.0007446241602159962,-0.0006494728470489511,-0.0007790101288330518,-0.0006574044952742255,-0.0007971949629171815,-0.0007508447169768575,-0.0006481789526902224,-0.00045128185281862165,-0.001015029683447643,-0.001051392389254582,-0.0013427315075031518,-0.0014534712339130676,-0.001488950282536273,-0.0014274555218486577,-0.001441992930010419,-0.0007052157418080365,-0.0006826235920649082,-0.0014146278756751886,-0.0007468093086973408,-0.000759546384552908,-0.0014374318818771079,-0.001360738620698193,-0.0006462377665192912,-0.001401605211079911,-0.001396575610581996,-0.0006914307098436079,-0.0006877110233708435,-0.001420726893736488,-0.0014553869703573719,-0.001438803546453887,-0.0013738743304989685,-0.0015005385005314783,-0.0014175603318457319,-0.0013994513075097377,-0.0015342680850591138,-0.000771343594367992,-0.0007184557580634384,-0.0007563586748056239,-0.0014069976401299859,-0.00067237049769963,-0.0013832515452978762,-0.0007229742708526857,-0.0014381526015297172,-0.0014627492755464529,-0.0013658881652917257,-0.0007677552626951992,-0.0007485664854061499,-0.0013892676309962378,-0.001459687490270982,-0.000751893965765849,-0.0014033126435941954,-0.001326301273709216,-0.001401506389977458,-0.0006377076932532809,-0.0007301360093218538,-0.0006951645797369121,-0.0007495512437102362,-0.0014214248934726606,-0.0014817429005397044,-0.0013609849964274007,-0.001379760036178812,-0.001378664366187637,-0.0013674292436867077,-0.0014241687132868714,-0.0014494743392856813,-0.0007256129764329725,-0.0007146476543585396,-0.0014073139706050843,-0.0007186581441961023,-0.0007160639110606611,-0.0006889718047762168,-0.001416826286699126,-0.0013933282554147073,-0.0006480389118342631,-0.001379820233122521,-0.0006967995284851702,-0.0008104350799891368,-0.001330969673081113,-0.0013962194830424598,-0.0014059951675533223,-0.001401906883694039,-0.0013967736174628357,-0.0013731499510648285,-0.0014545297994290607,-0.001380907945635281,-0.0007323289416112245,-0.0006765044777743694,-0.0007285016562298768,-0.0007582463673222283,-0.0006716612335943359,-0.0006744833794571358,-0.000727949229010757,-0.0007116435824086646,-0.000670862866921861,-0.0006766639163670165,-0.0006316781510106208,0.00001027860330687578,-0.00005887639408455603,-0.00000956641229999897,-0.00006705384126219601,-0.000053506831819151305,-0.00008144752915403265,-0.0000140696081474982,0.00002459584509246637,0.0000026653667556702956,-0.00002423209391394067,0.00006838400252145047,0.000007611660442483662,-0.00007328383547515919,-0.00004929002750976623,-0.00007621151219742233,-0.000028934556263234088,-0.00002864550359614749,-0.00003798700143766474,-0.000005211018416515462,-0.000043359150008146444,0.00008447304850602408,0.00002237956090163643,-0.0000012839118010012306,-0.0000558432984005408,-0.00011481058873277299,0.000025547798906635035,-0.000007380300506637018,-0.000039468030953964,-0.00006119983777749348,0.0000022838940201395736,-0.00007023314578308949,-0.000005326582864104488,-0.00006874281008067638,-0.00006688984785259913,0.000016864783353874744,0.000013046894668310358,-0.00008081303977938359,0.00002716893142736339,-0.000024682220634515288,0.0000032627080601748626,-0.0000025895457460964536,