{"layerSizes":[100,5,5,5,4],"connections":[{"weights":[0.00016442810920073352,0.00011153484272118257,-0.000042745137364408264,0.00017413234227297818,0.00035239296388776874,0.00014184897385191407,-0.0003670983367407405,0.00018693347745374556,0.00007681242771657682,-0.000372207664331131,-0.00027925525444696725,0.00009293982095885451,0.000024565408742717556,0.00023093319259415938,0.00029890545359797274,0.00010683055183600482,0.000050132629311363634,0.000012503899917761025,-0.0002609668509432955,-0.000230392705845244,0.00046093723980449215,-0.0002460461473623238,0.0000614245675969967,-0.0005827705620947885,-0.000039637194791432055,0.00001234679250686744,-0.00007879220053776469,0.00007850884512783893,-0.00014237421450534512,0.0001328954868858782,0.000038706245102543186,0.0001336798378939204,-0.0001458233894676329,-0.00021673627505553505,-0.00005085957998942127,0.00005234688380222017,-0.00011865072361690974,0.00019383480125464931,0.00020865627235507387,0.00029514122631411443,-0.00008815609636478749,-0.00003657344913393554,0.00012470862980528587,-0.0002466586155666992,0.00009392526179095848,-0.00035177745557768626,-0.00029940809678878817,-0.000007573086128632461,0.00019307614060895688,-0.0001865939599210256,-0.00008504771046011058,-0.000015265074846621875,-0.0000994516614816162,0.0000908624556219993,0.00009756089300016453,0.00005759855854134308,-0.00024336962685450822,0.0004389537746771962,0.00006786870095488296,-0.0002017797854282503,-0.00019553882409257883,-0.0002233300850096623,-0.00018475178788955656,0.00003271363835028385,-0.000040588934663487284,-0.00006575946336236755,-0.00019220878228584878,0.0002714442027304317,0.00007474984338315018,0.0000631539831518408,-0.00017162042458400783,0.00016149414286391258,-0.0001620957625265922,-0.0002456902317473558,0.0000746185381617381,0.0002492934478728893,0.00016694230773477714,0.00027701297316616764,-0.0003251878445108048,-0.00018795870698822068,-0.00020988494675795887,-0.000009712087501159102,0.00003993686154645231,0.000022369779645728445,0.0002789634412408077,-0.000024140856514998652,-0.00028397475169080226,-0.0000516607945625326,-0.000047872170867023355,-0.0000365627324031502,-0.00013822089362028087,0.00018544504535225313,0.000020044570282304574,-0.000037226536041189124,0.00008172854707984584,0.00006970096765855634,-0.00019481449741335545,0.000023251761720721127,-0.00001970084741232205,-0.00047112881564467156,-0.0003117314449233151,-0.0005722322158150634,-0.0004669998067355892,-0.00029292253002636366,-0.00026123420610340897,-0.00017092383363492454,-0.0001506398675691182,0.000001919632779112428,-0.00014528527773736616,-0.00016103551305326192,-0.00014191720960171817,0.000013024571540572097,-0.00045858001255113124,-0.0006722259377596375,-0.000593874944629176,-0.000728238912162543,-0.0006998805725813417,-0.0004436427642261762,-0.00007978861701580347,-0.0004125695599290688,-0.0003621184218135853,-0.0009135329929552237,0.000021951758083443446,-0.00037190271808086313,-0.0008172800717527173,-0.0007752194756026359,-0.0001839364406596027,-0.0004903080296268259,-0.0005129754397929,-0.0003038434090439999,-0.00021010211430113685,-0.0007109320730841324,-0.0006562726194335111,-0.0007254041651396695,-0.0007165739039277821,-0.0007530912089128301,-0.0003810863611550183,-0.000288833120327451,-0.0005233654027360791,-0.00023953726439499446,-0.0004125254997342893,-0.00007987817920654901,-0.0008615217806345028,-0.0003684896386449887,-0.00021197650513029624,-0.000053694666338750905,-0.0005961173655020743,-0.0005902623424813195,-0.0005259249611766529,-0.00023665364496401752,-0.00013171795205146043,-0.00037026437213943453,-0.0005307602425343213,-0.000453257653521675,-0.0005551613788977229,-0.000474768691386415,-0.0008912025124051589,-0.00004932387368461059,-0.0004281612508126166,-0.00034836587892707094,-0.00007291601401978721,-0.0004165679884403706,-0.00055684094846272,-0.00027816577711378964,-0.0008789176314273648,-0.0003265884564541954,-0.00038881014168382533,-0.0006367182973489685,-0.0006456764515645485,-0.0004873744751289619,-0.00024271116039149907,-0.0004716276505399706,-0.0001417528888240267,-0.00023614317755681408,-0.00017862919424650492,-0.0006082590525517441,-0.000725588368120623,-0.0002390411284255369,-0.0006251795141234497,-0.00031321006044742627,-0.00013763457304941944,-0.00034466207077481735,-0.0007885375605532545,-0.000405080244497586,-0.0005126549812166846,-0.0004965761168663512,-0.0006259673601505359,-0.0005548394099869923,-0.0005676969092433855,0.00020836971622527876,-0.00020978284631090815,-0.00040472349209823316,-0.00038482712974579556,-0.000417468363946021,-0.00040498269806600807,-0.0003963410440485035,-0.00030841285975034735,-0.0003481309120516304,-0.00023841267793559394,-0.00043042445743233517,-0.0004384949175908411,0.00018709844117614945,-0.00026897128112560127,-0.00005294996099004927,-0.0001205825621732089,-0.0003542728231934572,-0.0004693148725342227,-0.00009296806415787165,-0.00012699452953180023,-0.00048755369358566964,0.00008902845798178409,-0.00038319836554975037,-0.0005702114185071883,-0.000698912297540028,-0.0005694472060735985,-0.0004971668626160092,-0.0007325347035193787,-0.00030842509693382173,-0.0005876628446509873,-0.00010453049476581301,-0.0005111142915253055,-0.0007071224113023999,-0.00020432585137168457,-0.0002134897947185964,-0.0004510840867314716,-0.0006110674145786325,-0.00018234985067466818,-0.0007681706626723867,-0.0007657270794338228,-0.0003144325349742411,-0.0000885110260623162,-0.00023225971178555976,-0.0006731559471964282,-0.0002953673888387867,-0.0007813094293812838,-0.000576871206508108,-0.0006620381926523451,-0.00042964220455695947,-0.0005721961117548937,-0.00024521357790570705,-0.00008569334008457473,0.0003104138069751813,-0.00048762279980025196,-0.0002814687265337572,-0.00027747034644960044,-0.0002988647033150902,-0.0004958036926843314,-0.0006207188622849513,-0.0004060058819090753,-0.00027062364668676946,-0.0005626245322401438,-0.000173086687308329,-0.0006802968552866153,-0.00031540529104673786,-0.0006080010547573179,-0.000394122522107011,-0.0005804324140405285,-0.00023465947067748957,-0.00018176991389801475,-0.00021042539900693384,-0.00016504352178287656,-0.0003818562109103904,-0.00009075944415545408,-0.0008896740823830314,-0.00008053640687946753,-0.0005227800586996987,-0.0007115417226556057,-0.00035204281990758405,-0.0004508830934106278,-0.000488603495830475,-0.00019527751208562612,-0.0007081651828791222,-0.00021040847675118102,-0.00008372188123521729,-0.00037715487942432046,-0.000282593568683125,-0.00022849865348814423,-0.00024290726695636725,-0.0005715620760444444,-0.0002811240351318514,-0.00040515152401597403,-0.0004005963985246693,-0.0005063268992826417,-0.0003033400428434302,-0.00031936192513489723,-0.0004038612952705583,-0.0006695382548792852,-0.0008361469284935857,-0.0002819433787030717,-0.00024707399343454415,0.000029728039153551567,-0.00020948947618947908,-0.00043532477539553273,-0.0004841737885271181,-0.00038851201949534965,-0.0004480399752772883,-0.00018381268114578915,0.00002365141534109199,-0.0004421015319122574,-0.00012161985088006515,-0.001676396435847444,-0.0015699359925399116,-0.0016400978139315803,-0.0013580119474968468,-0.0014832104736821337,-0.0015513607073913778,-0.0016532603478439596,-0.0015841620497439628,-0.0013112225384775117,-0.0015948518940142043,-0.0014340480907833269,-0.00199028097095852,-0.0017987486619377434,0.0009487493029202291,-0.0026287853038209835,-0.002887840989383487,-0.0030670180209168916,-0.002914425445001851,-0.002908898782182515,-0.0013725569683026523,-0.0015998906817323248,-0.003126658554744833,-0.0015334429985885744,-0.0016500771974228648,-0.0028565588815065796,-0.0030455464610004126,-0.001648416340470783,-0.0028981734803821179,-0.002769162163341429,-0.0016471559452535235,-0.0014615723956536854,-0.002692931339862889,-0.002691062829866454,-0.002977937990052778,-0.002944104632007102,-0.002842461324197197,-0.0032743490198621058,-0.003278567324668419,-0.0026380045565650119,-0.0012472384282049448,-0.0014390062316888299,