{"layerSizes":[100,4,4,4,4,4],"connections":[{"weights":[-0.00003780875411619174,-0.0000021015823374544318,0.000024875888968625568,-0.00005449105864563703,0.000024368954486684953,-0.000022587872743021314,-0.000010779562217814043,-0.000014572708779325144,-0.00000886882684335284,-0.00004224059836686289,0.000012600218088531908,-0.000014327209001705022,0.00002852011132586232,-0.000024888036220930023,-0.000026439068380088886,0.000003954221821031909,-0.0000062503210456003249,-0.000009292349367650222,-0.000026553083529291632,-0.0000027039508804776107,-0.00004158533155260124,-0.000012568601714858944,-0.00005456062241734368,-0.00002742347423551979,-0.000021805952635041183,0.000030319875964542847,-0.000029903620064867675,-0.00004677207879137847,0.00003550229070341172,-0.0000032328310113460336,-0.0000306406422804332,0.000008305986033203203,-0.00004808119831296122,-0.00003216139427169759,-0.000002575523001906204,0.00006860356848190819,0.000039489386457530034,-0.000015433705507921675,-0.00001256440559482592,0.000027739700356536488,0.000014532967019786826,-0.000007017108870118665,-0.000023045910123993328,0.0000552459710860944,-0.000012478075959596999,0.00000806145522499582,-0.000015663125109005894,-0.000008042296721405266,0.000023295297240343914,-0.000054504671208584636,0.00004382879830777922,0.000044985161709795555,0.00003057495029863317,-0.000019827433987387976,0.00008954640984064378,0.000030024372379249756,0.000030834838184686084,-0.00002391344251945717,0.000007786187623488914,-0.000028288789891144864,5.088617114754198e-7,-0.000004768631916530779,0.000030337989996304994,-0.000016182512376882986,-0.000011337403673209383,0.000011063703221799789,0.00004060483894948042,0.000008460347825133735,-0.0000011059962336942743,-0.00006183857230055842,0.000001949339472444972,-0.000004930537092696972,-0.000008263561852793695,-0.000026789956677170958,-0.000049492469755544515,0.00002008421860287716,-0.000045158701126838706,0.00004769210697045629,-0.000005444222543688538,-0.000018316717922416793,0.000022461014074736487,-0.000017841801371117926,-0.00007075699713497669,-0.0000073139006976560458,-0.00005324857494680347,0.00001460262409644256,0.00007005308978186424,-0.000019228410935444164,-0.00005163847740532958,0.000006493575805073782,0.00003180867002065783,-0.000014892949921899728,0.000013074085385432105,-0.00000768125858752092,0.000027662840792551553,0.00007169298030796114,-0.000024680102602539333,-0.000004505489638791407,-0.000015610856814988823,-0.000014326266826954174,0.000015637645098670052,0.0000414788353675253,0.0000013381926110752106,-0.000012153255590294196,-0.000014150388794923262,-0.0000251295714381851,-0.000010465751086486543,-0.00003281964653602605,-0.000022292932265778954,-0.000016891633024567638,0.000017990582731968083,0.0000832222614788204,-0.000045390438806231616,-0.00005977192325103665,0.00005161156546535917,-0.00006638557537424924,-0.00004132832967867471,-0.000005232531634570024,-0.0000190653035484724,-0.000014508272296347272,-0.000026209033164247006,0.000012239605787767711,-0.00002565401934478565,0.00004541526904052946,-0.000059764823410669956,0.000014489755424424705,0.000036792183776772205,-0.0000046911905215671828,-9.4710976126973e-7,-0.00002211103213071735,-0.000027632749727530406,-0.000035521695299226026,0.00003042580486081105,0.000040008773184138256,0.000026778870755575923,-0.000011609357105765311,0.000009505465417433029,0.000006334508797889826,0.000057306495291674065,-0.000012427367125080075,0.000053940771983107514,-0.00003876603918209748,0.00004867025349485564,0.000037984234711763216,0.000002810394000684625,-0.00003549407844452052,-0.000013532095940444368,0.0000011103167122694167,-0.000010540570777380342,-0.000021904947840264723,0.000016825068701860623,0.000036618684657962825,-0.0000691929801461368,-0.000021876840103932962,-0.000028693671349380725,0.00002822770177370781,0.0000250706964714916,-0.000033024720944050824,-0.0000020292515481478275,-0.00004207396376527111,0.000005560756083658105,-0.0000676101301083457,0.000035561360464091336,-0.000024527067752883854,-0.00003293286534965216,0.000010901828848820711,-0.000012117328955275484,0.0000505005631875992,-0.000021336992807430563,-0.000028282519564242532,-0.000013230144314430686,-0.00001550824793973989,-0.000022691334428145004,0.000009347003362794024,0.00005011725121312568,-0.00004184413688569656,0.000015707916115245703,-0.000035815849656399425,0.00005607107724042174,0.00003199073018845376,0.000038538004175654555,0.000025746201216887344,-0.00003288659196202546,-0.000016809058302697242,0.00002759615805530337,-0.00008029182424711772,0.000018820310962410497,-0.00002600288526727433,-0.00004438505161663729,0.000023926834573587567,-0.00008095243830848142,0.00005412450759436609,-0.00003208107761738492,-0.00004044218324945883,0.000005896537866207764,8.088547429003928e-7,-0.000018227338788591707,0.000041404166979973724,-0.000016002719498480594,0.00004155195138946018,-0.00002958251997197803,0.000004531013227723141,-0.00006405357039344831,0.000041360613627153833,0.000004423936403950013,-0.000050782817029908196,-0.000046557901736941615,0.000009328044821561735,-0.000018059959907614425,0.00005803700624477993,-0.00002145162552615941,0.000013778304656268426,0.000004974800859996969,0.000005601404807125072,-0.00003239801233934931,0.0000012140193751631778,-0.00003976737077535142,-0.000018213100716010998,0.000029495411567266248,-0.00005953849139136833,0.000012517994121854083,0.00001629597488999193,-0.000010556265843287752,0.000011011056728688858,-0.000022124658983130932,-0.00005225968735710326,0.00003099318618600528,-0.000023693451746264482,-0.00004758781923688619,0.000005922077444443208,-0.000014529802293775695,-0.000014541458165064515,-0.00002185008411134734,-0.000042672172169982685,-0.000004988664183469316,0.00002742559339505491,-0.000039053955967441086,-0.000057179102067729935,0.000028115232192129525,1.5460477462718783e-7,-0.000024798893638700483,-0.000013544759929191437,-0.000016812700912757526,0.00003061164759612087,0.000077887895928967,-0.00007594109650924894,-0.000018524280294426528,-0.000014844274768022866,-0.000011973344467427485,-0.000060191882021581986,0.000010452506384596877,-0.000017779917115328556,0.0000023997545401697478,0.00005919616808608386,0.000015039038001012362,0.000028649504694935068,-0.000026889292733303973,0.0000013930845663672276,0.000058687846375197015,-0.000015370750322290306,0.000004321512776810103,0.000027570302984618713,0.000014946579389285398,0.00004371966663219234,0.00006030594461319906,-0.000052645253284272416,-0.000005021942559563104,-0.00001939508180790914,-0.00000880425833312655,0.0000034807085107878904,-0.00001017638685295409,0.00005139290902475108,0.000022953510304846006,-0.0000015024803050497288,-0.000028150658325878786,-0.00003255692409106438,-0.00003843320846575702,-0.000014483126569629847,-0.000024364086713173682,0.000023352797557240424,0.000004790030236509168,0.000014254592050725698,0.000004015847438363474,0.000053896889590096764,-0.00002819010844541849,-0.000014427798013965087,0.00005268644364382096,0.00001107919990019789,-0.000008498839759802612,-0.000015209925752047113,0.00005504872979887244,-0.000008972395452927511,0.00001727856216685167,-0.00007014055311202449,0.000057931948433274366,0.000008946078399528642,0.000026797412781820485,0.000045701465660617056,-0.000004353754778290966,0.000057204999967711896,-0.000002806664383852367,-0.000039953567343054144,-0.00004224843703951556,-0.00009354855417974463,-0.000028110237214030652,0.00000236651217024195,-0.00005846013342333535,-0.00000659065579284585,-0.000011835597630262538,0.00003059093144713256,-0.00003912701936077578,-0.00008365743007920119,-0.000014019960659122432,-0.000052678941495702756,-0.00007068667779398632,-0.00005511343098534689,-0.00004242732101183298,-0.000046113181610367624,-0.000001436884335711506,0.000025885026973920693,-0.000036688432750792095,-0.00006815516166840639,0.000012999106615733129,-0.00002611777038937149,-0.00008937867801085751,-0.000021261740722174012,-0.00001936046685602351,-0.0000016278101050875539,