{"layerSizes":[100,5,5,5,4],"connections":[{"weights":[0.00006322749361483633,-0.00007744989710001362,-0.00010603691661817254,0.00004381785863167145,-0.00009212552886173943,0.00004556059045701076,-0.00002515167472684518,-0.000011879637950808502,-0.00003626805723518898,-0.00007483648695173882,0.000025347313877860514,0.000007251633782141549,0.00008796584625953707,-0.00006500876533754636,0.000006926557805030962,0.00008599802780903112,-0.000021130029512844035,-0.000012788850045842355,0.000030063478576498892,0.00020907675373622406,0.000022262998642889267,0.0000098192842709967,0.000013284870103501824,0.00003669348659301488,0.00003959901858522021,-0.00003551943443238471,-0.00003838826043365399,-0.00012755447113387184,0.00008005420183137868,0.00012111905874169216,0.0000057338144759301028,-0.00003263737613527028,-0.00005235845826642887,-0.00000797765562817929,-0.00002637619004407172,-0.0001165676116724723,-0.00008022197696808486,0.00001749053504028068,0.00005896206985072072,-0.0000716019297562226,0.00001959354937403289,0.000039905219765904705,0.00014665306058921318,-0.00009017978662400734,-0.00011533655092456672,-0.00008047158811668806,0.00003571365347037543,-0.000007642359241418874,0.000022645576621682664,0.000037925197414006705,0.000035867698004411304,-0.00010686143472736117,0.00007489388883309155,0.000010845759302861285,0.000059031053529287005,0.00003335856384826794,0.00008091270490532023,0.00003492134649749736,-0.00007683164129326872,0.000040265308838979755,-0.000011906025715314971,0.000024938365463730558,-0.000030866276506766775,-0.00003638956177504044,0.00006682022784871871,0.000070343386623299,0.00003617725922719522,-0.000025872137957670667,-0.00006203918361839233,0.00006182042821040954,-0.000006119869613632162,-0.000011963366847825535,-0.000004211658639047665,0.00010066027676515923,0.000006084246607235272,0.00002671567634517214,-0.00012060567520355695,-0.000024607009850870028,-0.00015586195418761854,0.0000785971851999487,-0.00007043368982231831,0.000030466350479087463,0.000047627866110870676,-0.00005396039207400578,-0.00012041844298682214,0.00004812755263211301,-0.00010463920242107002,-0.00013733139060327418,-0.00006448456514848327,-0.0001136830495670631,-0.00009773886385285769,0.00006303310837103092,-0.00005755186718064309,0.00007181986599977891,0.00004243041637735821,0.00007483397664256922,0.000006162158860902796,-0.000023938027800934054,0.0000320143774127218,0.000037836537753843775,0.0000863987806084865,0.000021857711233249064,0.000007143105270164943,0.000141161696617329,-0.00010003462208560975,-0.00016022755893514197,0.00012043776536902404,-0.00001753581952327255,-0.0001891566221478377,0.00015670237455781442,-0.000051374014433790216,-0.00001595631384701916,0.00022296135176173265,0.00009008696203603026,0.00005363014390808712,-0.00005687148613107541,-0.000004160798774865516,0.00004440076418415296,-0.000039193412405180544,-0.00003058567698886398,0.000008907370598936228,-0.00005869761115061971,0.00004101041052558942,-9.390445310588466e-7,0.0000584383558859291,-0.00009232841325893597,0.000011823179340997074,0.00003869210894888448,-0.00009804913277082062,0.00012778764291995716,0.000010601017024749729,-0.00008933799816285908,-0.0000022126780349223984,0.0000606423429480364,-0.0000233701278405268,-0.00002839494092809798,-0.000046039995567643195,-0.00005067070065216347,0.000027407683486336346,0.000101079506544818,-0.00011079810649478657,-0.00006023427241357122,-0.000006442333592465766,0.00009817178769072946,0.000029782646597117073,-0.00003315678999321967,0.00007811777928147389,0.0000662388795825217,-0.00006936523697949784,0.00004526189665055833,-0.0001145744463990039,0.000022877581528532517,-0.00007649994381437618,-0.000010007073067741579,-0.00010233418755769426,-0.000027352134328880205,0.000019329851293301196,-0.000013184782973701997,0.00005927495487329562,-0.00004673138597452007,-0.0000021793303767681478,-0.000005872730030636492,-0.00004452503486064112,0.000004984222960788781,-0.00012329003225358229,-0.000182521730856099,-0.000032939648160867525,-0.00000316529754515731,-0.00003663732300421597,0.00017175374387461164,0.00004165218504450472,0.00001845644821276565,-0.000060597851743948635,0.00013211770688485583,-0.00007943387481499255,-0.00005606403023669705,-0.00000310103610565198,-0.00004201330750996861,0.00026673286424849053,0.000005836731282141643,0.0001362709765582694,-0.00012478223623073846,-0.00006733716430166434,0.000048107726167039185,0.00007526777608787688,0.00007194423341017274,0.000010228588551793138,0.000005048171448225453,-0.00003143072485285284,-0.0000970387209869664,-0.00011625768498492846,-0.000008831502561350597,-0.00003701995714481242,0.00017353906762641424,0.00009551597208368882,-0.00002057383627830096,-9.769988356070087e-7,-0.0000664037105662155,-0.00002568727395850391,0.000040365651959931554,-0.0001876673610441225,0.00005415940660633021,-0.00005370239394886487,-0.00015164146223301713,-0.00007754414755602355,-0.00009981906178873854,-0.0001302804355179874,-0.00002700772003101043,-0.0001771076208174789,-0.00017625352266168929,0.0000671016308034819,-0.00021924478230456068,-0.00005554976455003108,-0.00012004227183187916,-0.0002466667021462776,-0.00023014883238096776,-0.00020053658071548077,-0.00007281292493543181,-0.0001669413029604397,-0.000027754074195162552,-0.00016716798868813496,-0.00011574340350819664,0.00003522688912989328,-0.000034429283757599034,-0.00006070522879234607,-0.00025605015762193093,-0.0000502961926471769,-0.00008302500506557333,-0.00004273549723486788,0.000011354524652055741,-0.00009661272069317402,-0.00012720216976939318,-0.0001557602878548661,0.00004004800744214539,-0.0001226367571708976,-0.00015728850987431402,-0.0000402468909596323,-0.00006137324496508839,-0.00022218038346125235,-0.000010415282676075563,-0.00003715265150058087,-0.00016369569781628747,-0.00013190094769589738,-0.00008546016847268132,-0.00008182519103121598,-0.00004219847114944958,0.00011285501813559588,-0.00010625895187000339,0.0000430233020593697,0.00009077600989696628,0.0001983601292915456,0.00006174055160485878,-0.0002668211209268706,-0.00005064467631550877,-0.00010618268113483418,-0.0001376746714938165,-0.00019640047987602282,-0.0001604323719712413,0.000024789255715026234,0.000005704725893862836,0.000009058260522670523,0.00003209269407386178,-0.00029273983766043855,-0.0001756594347511619,-0.0001569927167557074,-0.00007919268993385398,-0.00012753824496114548,-0.00014190433017243918,0.00004576811843355639,0.000014608457107918194,-0.00003064079848983365,0.000008924232551019992,0.000030257338043526746,-0.00012905359345419612,-0.0000992762418204294,0.000027483132404903777,-0.00014527697674284091,-0.00002534990897731889,-0.00006694947665357742,-0.00008535695668030023,-0.00005824827915841029,-0.0002224016734363673,-0.00008103466981130466,-0.0001569176293138022,-0.000233153188593043,-0.00020440704122496966,-0.00015946194818369455,-0.00012116612066898052,-0.00005443262236909306,-0.00002019712047461114,-0.000022161050162615056,-0.000048451065583338145,-0.00011992706207956694,0.000032859211672928864,0.000029585911703025844,-0.000018336126752213175,-0.00016828956919737615,-0.00009085079372095364,-0.00003255682746962189,-0.0000792647917029741,-0.0001236752841980276,0.00003100185641313207,-0.00009567507739055009,0.00003664762890212455,-0.00003261060401703622,-0.000024013676134348774,0.0001447349675486621,0.00005035046863872978,0.00005928415115804089,-0.00014329986609150233,0.00011594443734919878,-0.000016462478591259175,-0.0000701545493768722,0.00002789690307220196,-0.00006321915848717468,0.000001591572352226185,-0.00013957181930862882,-0.000042690969905763634,-0.000022928998420826783,-0.00008434290534539555,0.000009161730075218938,-0.000005382674891036373,0.000045744884122745,0.000029092081455244305,0.000028531145851073056,-0.00004856031195371473,-0.00007740729387269235,0.0001940315035635116,0.00006719986965820052,-0.00002827915489777814,0.0001308518143732428,0.00007840408666267307,0.00007655263737426853,-0.000023057858614393122,0.00009108436214165103,