{"layerSizes":[100,4,4,4,4,4],"connections":[{"weights":[-0.0027695474033385878,-0.000019838378359607932,0.0011364545730659323,-0.0005395962326116315,-0.00003820656047164183,0.0016840734955432368,-0.0006173457548062927,-0.0047615046296231229,0.0026913891265823327,0.001137555192033272,0.0036520057579480385,0.00004657286031540787,-0.0006315799227319281,0.0030023112823792939,-0.0024298687022125638,-0.0009295871990051743,-0.0022026586940161886,0.0029659965183469877,-0.00016388078638617895,0.002537248717622719,0.002376133317047683,0.002054276807907206,0.0008141515564838761,0.0042529807525487459,0.00038250588835389294,-0.0016717719568941515,-0.0018405985455255863,-0.002159923388453581,0.002356233811412537,-0.003432912103611917,0.0008462894611625479,0.00022911129069078521,0.0017133299507433818,0.0014040320312307779,0.0031353470574544894,-0.0008841140665496836,0.0026135769071691519,0.0028697615250549469,0.0003183718089602933,-0.003194271100649106,0.0028623827246207018,0.002062660322102181,0.0004401322377206364,0.0026719147156553616,0.0037573416909504827,0.0012598901499303794,0.00005853485337720049,-0.003742379034412061,0.004541340963079198,-0.0014202613858834263,-0.00036251640405922223,-0.0017057571855461456,0.00674002288501416,0.00333132579290348,-0.004422092141303976,0.0008511397775540501,0.0008487473651522551,-0.0023661718835137175,0.003787559074200998,0.0009359465221868346,0.00141032892109282,-0.0017827550308176898,0.002154995673773663,-0.00015750524052150446,0.002922974413290673,0.0008703307992729464,0.004525144849433852,-0.003774373312476656,0.001873607609197344,-0.0007007287811827235,-0.00015226778625086274,-0.0005977664171381812,-0.0005928216649699198,-0.000018959028582245995,0.001275075779486456,0.004170881425351509,-0.0031149130342097988,0.0008059789193543477,-0.0014555982515142214,0.0015867204918311412,-0.0007225887092350153,0.004105707627528019,0.0013005381832598884,0.0011203298016264955,0.002914070172602543,0.004742383511809106,0.0008415693036860776,0.002843664460821924,-0.0023477537447534576,0.0030550414820205665,-0.0011709249939088555,0.000012193414088605358,-0.0008551635248215446,-0.003723713434987593,-0.006696833795236997,0.0017430993426884407,-0.00042779933524244007,-0.0001319119006020035,0.0032774192592523296,0.0025071308264766037,0.00038398024286739684,0.00408008590430742,0.0015249174707625585,-0.0006381767640010503,0.0033400245131048045,-0.002139115606595606,-0.000549751776356459,-0.004103649227331982,-0.0019295260800675477,0.001158597538065873,-0.0018703892523743093,0.001214196883389383,0.0032271257706155689,-0.0024963327347468395,-0.004693132875589582,-0.00022171440945226202,-0.0018349506979698208,-0.0031966478066883048,-0.005651681924286003,-0.002627579437555184,-0.000855529318547594,0.0004903059769324182,-0.0008688083822218581,-0.0001461041891056455,0.0010668888890566645,0.0002754891257425445,-0.0010718144992575376,-0.0027746197334769606,-0.003413036861523408,-0.0021174234718342947,-0.0009742152078022693,0.00198838903667317,-0.0019030518316441648,-0.0018869396363566929,-0.0017525873462924944,0.0016068661517764803,-0.0034508164426646145,0.003676785627273168,0.0005574369776425225,0.0006215619976500984,0.00041766302919133867,0.002855307382783091,-0.0038259100099634214,-0.002960159947434789,0.003956946021433543,-0.0031583844372509606,-0.0012096888370147744,-0.004939954853447323,0.00011474422822410373,-0.0030151954591343774,0.0000930948566759498,0.00041774497048908244,0.0009942690371014998,0.0011219488903981945,0.0004546939359684951,-0.0008761521264270616,0.001960563723630479,-0.0025927746268195395,0.0024384319441965766,0.002040624420769701,0.0008544199863107766,-0.0046684994372910748,0.002193264096769626,0.001754076093522557,0.0017822570980251135,-0.006402185268962796,-0.003445153642174128,0.0008896548628816418,-0.001191999475725083,-0.005394578464670589,-0.002905829991366145,0.0009698866746823446,-0.0046434617882653,0.00519543108388143,-0.005293904685307812,0.002142714429088333,-0.004964785512953392,-0.0015440879236874766,0.002068289467238656,0.0024036192257776429,-0.002375770295731086,0.0010590666877882006,-0.004238639959133321,0.003699335076550123,-0.0006729778499473983,0.005078035777552761,0.0008984156815374371,-0.0006531656008948621,0.0010749460246555669,0.0020335252370627208,-0.0011699244521197316,0.0004225359851997369,0.002460941356756107,0.002100141019743217,-0.0024214652903467627,-0.0031394573670303624,-0.0000401072548693648,-0.006459794036980755,-0.0019255413477603523,-0.002253222180815751,0.0035598221578512659,0.00099753230185082,-0.0027972840593298946,0.003380983127447311,0.0007321423810653429,0.0007212695205959556,-0.002068178475548899,0.0027791587534037535,0.0012693600462815329,0.0007186038523933647,-0.0005787156006880531,-0.00040701611037839686,-0.001204905647918102,-0.0010815676879453287,-0.005504221926478981,-0.003453355833453162,-0.0017343050986359402,-0.002465394261304055,0.005752231250539343,0.0036680659534227366,-0.003221940881391681,-0.003663762981320035,-0.0026978914439548808,-0.0022811122459486436,0.004379785396087853,-0.0026532008239676895,0.0018359167820041726,0.0010285835450716424,0.002341050435764122,0.0003858752905177626,0.0032335312697728626,0.001606545964489063,-0.0033800947032533066,0.003124355221634791,-0.0007446364098405481,0.005732972224201093,-0.0019120455745738985,-0.0019495800085766308,0.005590044960782308,0.0003103051799338256,-0.000913951236810828,0.00022648849511151787,-0.0008949471575320293,0.0010442574043949855,-0.0003607764029689848,0.0009175879827129452,-0.0005826121638899493,-0.0026348339785909316,-0.0024262931987430005,0.003571371296824172,-0.003458131233243492,-0.0027546728445130409,-0.0011242948008153668,0.0012248339807097344,0.002671943987035345,-0.00008738605071562637,-0.00002151443638306835,0.000860747031661008,-0.002073624067755967,-0.005512187819921172,-0.005627816489087052,-0.00018414988725094894,0.0025561426500147496,-0.0003759205358776388,-0.00033898466551750435,-0.00046907200982171404,0.0013536641652978999,-0.0010345841088061953,0.00011892370719906871,-0.0009638654957482489,-0.001126934273497724,-0.0002699829840261334,0.00029856290872908156,0.00024186885087713,-0.0032445996708963468,0.0019531548931949517,-0.0023808966479163197,0.0014188463781866696,-0.0009968617992291002,0.0005794455021920155,-0.0012603382224939189,0.0020694642633798385,0.004385028866015739,-0.005097881222362229,-0.0010603556608817285,0.003968945102686661,-0.0006511476378794809,-0.001987762493740948,-0.0022631350205070609,-0.00426685035049112,-0.0003282497530233235,-0.001552464841546748,0.00261641500301312,0.00419687049855843,0.00032531507894595964,-0.0062676598309542919,-0.001430873279020991,-0.0024231182353489646,0.0028057329261292225,0.0028211315474789176,-0.005639439717217525,0.003666630360548588,0.002900100134106971,-0.0007440035129604437,-0.0002956449955764634,0.0017244768196690113,-0.008326649370713452,0.0019394523899098687,0.00006757603080093788,-0.001774527024539155,0.0019169436200710837,0.0032144612646970366,-0.001867844621390671,-0.005499595062413383,0.003648607226442932,0.0024917228423170588,-0.005408141328760611,-0.002796018752606165,0.003116389203553447,-0.0021677941845266916,-0.005111755029493055,-0.0024677371799469397,0.0005764351350827263,-0.0019999987967155247,-0.0006390157555027218,-0.006204495970511351,0.0011743003885299263,0.004220348537199405,0.0005104191762071759,-0.0024783177484756127,-0.00030254423528953473,0.0006974694723990173,-0.00081177949564955,-0.001100421739642078,0.004290292532243926,-0.0028206134453478595,-0.0023806339351781439,0.0019719869892787817,-0.00008381656959480112,-0.0012859736063961768,-0.0017995276594202953,-0.0019207042860412776,0.004208608779282691,0.0020370446138320344,0.0002099624103062584,0.0010714552639897238,-0.0029739956268118375,0.0003089382917456596,-0.0034071835837320948,0.0017490637113268487,0.0032312410915188028,-0.0006569925853779811,-0.005079852955484938,0.0012490301343535979,0.0010078189999788875,-0.0019965482462728,0.0021279578091872627,