{"layerSizes":[100,4,4,4,4,4],"connections":[{"weights":[-0.00011278560776187358,0.0000180718077756621,-0.0001728066866880588,-0.00017097193525124197,-0.00010064614388338497,0.00006146665231187834,-0.00007819106787165644,-0.00006522325412067635,-0.00013537358437519184,-0.00006457218164015613,-0.00014619940080369583,-0.000006763773383926551,-0.00014877475015560767,-0.00017948333150296568,-0.0002042836926677133,-0.00017352249597208785,-0.0002302978590401402,-0.00020629754847331023,-0.00017920004505145128,-0.00012701787033345748,-0.00015054664606943845,-0.00018596673689277467,-0.00013781819280623883,-0.000011017954340295378,-0.00024595426694063274,-0.00025993160319256385,-0.00009809397650399798,-0.00019912996779121342,-0.00015215584213949094,-0.000019966633452879138,-0.000098180201552072,-0.00020258974557634766,-0.00018046791259660844,-0.00013906989624607136,-0.00018448055510219356,-0.000305672225863951,-0.00017260881493176656,-0.00017850198886750187,-0.00011862556146025176,-0.0001258072875914823,-0.000047009117275341887,-0.00011946632551904836,-0.0001443948606007237,-0.000044977389144948,-0.00024113436566652242,-0.00008092363599725773,-0.00021205758470474047,-0.00009475502902210062,-0.00022319927396593204,-0.00014618425673999233,-0.00008456181435251136,0.00001210659442857519,-0.00019781097803509047,-0.00015290729648642743,-0.0001014270139176023,-0.00021416987145478426,-0.00016469243614398128,-0.0001346403290293024,-0.00013428855502422367,-0.00011114900154808164,-0.00012484877891209365,-0.00022784496373438542,-0.00021771538407551577,-0.00018033917556069116,-0.00013814819106226255,-0.0001795098276712109,-0.00014939517732753664,-0.0002490111548562483,-0.00031576890812148227,-0.00005813700319399958,-0.000034477652110688984,-0.00021361562334747393,-0.00013127875537892843,-0.00009760108675066956,-0.00005180597670409352,-0.0001388477918632981,-0.00017987198233035875,-0.00012475005839164547,-0.00022395656907434484,-0.00009153755472688669,-0.0000997541048998276,-0.00018049806328473319,-0.0000899838513702698,-0.0000786962608902354,-0.00011744544841043987,-0.00012250711636039866,-0.00010669235634068446,-0.00017320617128781953,-0.00014545048306746733,-0.0000975516278814097,-0.000059230905254901714,-0.00008848675119593142,-0.00005571123475375767,-0.00009129697892493633,-0.000023545199210827666,-0.00011894909260145721,-0.00006486468801080135,-0.00008175322558836818,-0.00019970525649667462,-0.00011123480109471004,0.00009638147577489532,0.00003008664015726146,0.00007904916995852385,0.00010345308720808402,0.000004559687676663575,0.000004203447330064302,0.000057251053219584756,0.000028135590547580185,0.00012318688485696326,0.00007896082737366302,0.00011714509671762488,0.000012455890995571772,0.00018795960296188126,0.00002226940447141377,0.00010004071843680497,0.00011294516035965281,0.00012250422248740242,0.000023747452430174032,0.00008449348207451177,-0.000010389702854228464,0.00009935304038652455,-0.00008217900602107201,0.000016043934403662777,0.000007640162820943117,0.00003371220094947311,0.00012900420393952255,0.00011569871828242618,0.000035076020703699884,0.00021668643702281697,-0.00004104541194468934,0.00007606588240199217,0.00008564476197135486,0.00008498214671383526,0.00013465191151817917,0.00008368305117076064,0.00006254439292687138,0.00011008082426598816,0.0000865995621684334,0.00009376793396659983,0.00005228894420139413,0.00002957027992620589,0.000009620813927360698,0.00019770351195896562,0.000034789626174860154,0.00015685648335106203,0.00008635924159110788,0.00009298142743584313,0.00006679568427349079,0.00008217887225847641,0.000029990100726598912,0.000003611364973168627,0.00009297065997630798,0.00011917265945748271,-0.000017428902160819668,0.00008573784182325417,0.00011547454330723947,0.000010004665574303775,0.0001389698798180032,0.000029848443156478794,0.000058803395174084745,0.0000689614815729676,0.00010084622656155118,0.00012481853908255993,0.00021492262928364178,0.00009152340810219266,0.00010897109094404363,0.0000975229103979483,0.00018104960065925415,0.00006970414274376374,0.00014820220955777028,0.000009040711259218013,0.0001540453354415766,0.000008167974730363108,0.0000684287310294692,0.00003920058249100456,0.0000618586603273551,0.0001570712483614862,0.000014304429510458018,0.00011117238442931673,0.00003443277869404971,0.000043215809344214835,0.00014225243391457497,0.00007845949546402598,0.00013843058046744813,0.00018451386977270435,0.00016892695947222662,0.00008689790233964542,-0.00004698955209622342,0.00005315078029669774,0.00009390616717257902,0.00013038937506341282,0.0000360922027681295,0.00003277444104850945,0.000017137696331248673,-0.000009038962965097672,-0.00002229807058036665,0.0000014896943747457139,0.000015289054128635804,0.00013071870911620468,0.0001390686377140704,0.00006891320459317253,-0.00001264020629184543,-0.00003207937282023108,0.000025064650750762287,-0.00003185244960220939,0.000006769500654557953,0.000021395105684860858,0.000019726004674869213,0.00001668579573136121,0.000011093027158299664,0.00005287530220299008,-0.00005533293910485186,4.439540908671204e-7,-0.000044438487155243917,-0.0000675796372892534,-0.00005225543888607029,-0.0000770380545321033,-0.000002742400528013383,-0.0000021455470496096546,0.000022928652350291392,-0.00007583356494756222,0.0000246091795471727,0.00003221758516707877,0.000018254058972449464,-0.00007547179878340697,0.000053766976863055094,0.000053377980904525805,-0.000012397234013675545,-0.00003283037149223294,-0.000016571646796263742,0.000022181516407198412,-0.00003763053239483953,0.00000264529221401881,1.551258980142151e-8,0.0000035320989778166276,0.00003047698947274652,-0.00006295493940245645,0.000015204484234104124,0.000020411875184334856,-0.00002062473128092605,-0.000024276217214555288,0.000010720487412968326,-0.000012305999446426614,-0.00009482453604319911,-0.00009748877893007058,-0.0000310899923024546,0.0000021250847384804856,-0.000053930300583579335,0.000027538440392250038,-0.00007846883021949337,-0.00007172595759351138,0.000024203130175304918,-0.0000506581712775381,0.00004097942916059771,-0.00007460480654297139,-0.000025820164835376228,-0.000010885363812145349,0.000024053910256297978,0.00009016427537060681,-0.000050247374300957865,-0.0000928332826035806,-0.00009389646908369776,-0.0000443638630172903,0.00007614608502063006,-0.00012872713364104097,-0.00001119165836138906,-0.000021854215579635138,-0.000020835008690399382,-0.000029678438436691767,-0.00005874708901438469,0.0000380709350245574,0.00002009071342954165,-0.000017439770534172048,-0.00009374518915614269,-0.000008845554596685378,0.000037786404400033866,0.00006489523811070404,-0.000014121352382734853,-0.00006051571095966544,3.980747469603013e-7,-0.000009876102102699457,-0.000022383889706534438,0.00009487348860201135,0.00005570850621962916,-0.000022691014410500947,-0.00007969631536224037,0.000044232349209014244,0.000028286314679562393,-0.00005048893184899699,0.00006143763217285496,0.000013124373730377934,-0.000027944704291110802,-0.00006925383352757646,0.00006930237313026263,-0.00006580524365287248,0.00001542206153706279,-0.00006272315330949829,0.00005540790896504928,0.00004722278068515296,0.00004656085588815703,0.000019455669846519607,0.00004506099987238899,-0.00003441277694581751,-0.00009139009720749501,0.00005534390005066011,0.000035143707796048685,-0.000016286701762051284,0.000005595062171232516,-0.00007451727376137962,-0.000016893290319030954,-0.00005118462981805155,9.084433199211703e-8,0.000047676496912168974,0.00006813135605292703,-0.00004004110168578271,-8.443698413013762e-7,-0.00004826051448830586,-0.0000965729027839534,-0.00010099199720323205,-0.000026226585096840426,0.00005608019354405675,0.00004629998410719354,-0.00005247024744809632,-0.000018838787329913388,-0.0000378826698937052,-0.0000371811648147299,0.000054747855632645454,-0.00004410749295829738,-0.00010167153034909165,-0.00006416127742864753,-0.00000780707953375914,-0.0000813882635714107,0.000016079881049699532,-0.00006114335221294085,0.00004374968872649779,