{"layerSizes":[100,4,4,4,4,4],"connections":[{"weights":[0.00004620386496573451,0.00004831289207980297,-0.000008160714814214969,-0.000016397025170800176,0.000058271566845570785,-0.00004450072402246171,0.000038017078982897105,0.00005822380386088597,-0.000016587200367900374,-0.000023052068802685858,-0.00001389285145051434,0.00006437959674761775,-0.00004690531410379707,-0.000014179444471684827,-0.000022354209091775337,-0.000019625326095952032,0.000017836576793020162,-0.0000022585890138225154,-0.00002076628733901483,-0.00004391387675569591,0.000024092482241545154,0.000007310264116233922,0.000007635270309292404,-0.000016796271024784964,0.00000768069779354243,-0.00003490271368648911,-0.0000236927433514857,0.00007280599083000552,0.000019952472794160567,-0.000028620691157555695,-0.000024906871327526273,-0.0000641076516559947,-0.000034929614189535525,-0.000013780065271290434,-0.000049769339231914034,0.00002574702584330943,0.0000020386579248918936,0.000034949183280401266,0.000019260293710522133,0.000021842489536990845,0.000021874907539347117,-0.0000345039221023846,0.00008470401792974553,0.000013632687021387525,0.0000040012883793445399,0.00000229899084467474,0.000009968531878877616,-0.0000185941530067658,-0.00002689707241277704,-0.000042189531355002396,-0.000016309075568523982,-0.00004433153445968867,-0.000020519366958323026,0.000012611364728043328,0.000016893702596178034,-0.000013184511127522786,-0.000009864281400439687,0.000011692900749910574,0.000027357367800965037,-0.0000361072020792128,-0.000041807510896012346,-0.0000377427631006593,-0.000030317216449287043,-0.00002157551555592558,0.000006286864881080656,0.00005747627237576154,-0.000008450920557133477,-0.00005342212245236925,0.00003537021572490548,-0.000016438862824512817,0.00005118493150478603,-0.00007944738543910419,0.00004220914927713926,0.000004748270333515107,0.000057199274178184,0.00002064149189175257,-0.000014381695017869747,-0.00007416972187284258,0.0000052178951678477088,-0.000020025452402113356,-0.0000022803876924135035,-0.00006405861704249903,-0.000005915215799382707,-0.000029724659917797903,0.00005123253734720018,-0.000027228980213879568,0.000019670231993694257,-0.0000123934807483654,0.000053398973776943825,-0.00004337552404377573,-0.000003784708756864208,0.000012726450425895776,-0.00012372563981683922,-0.00004802643869525066,0.00004950115768207632,0.000020741440317583146,0.000021881856749619748,0.000009048601479419795,-0.00003396708213986844,-0.000016653340139693614,0.000003095812239744333,0.00007237406614548213,0.000012324053651832029,0.00003892268827683086,-0.00006579583252911822,0.000025843988119404292,0.000048566445077496386,-0.000020745994996546054,-0.000016564992816241155,-0.000004038016939320842,-0.00002611264553428184,0.0000026174522390232876,-0.00002175548811102145,0.00008796709305994352,-0.000011825372703810152,0.0000719477184375903,0.00003589102172034823,-0.00007630837059532236,-0.000036912514108976583,0.000014521639123702958,0.00010417834490351705,0.00005761476699243524,0.000008445922591465523,0.000019069416013442356,0.00003144683196296063,-0.000003501747915528695,-0.000014621043511255706,0.000024718773833436653,7.822145013082689e-7,-0.000035394265115400614,-0.000019596299621560578,-0.0000552976335832233,0.000025022554936638138,0.000029777538587947644,0.00000244342460337576,-0.00004932511712042237,-0.00004458171918902624,-0.000059931680938863915,-0.000030332043243128872,-0.000014779352990005436,0.000016638646827309388,0.000033563227900435886,-0.0000069366893467241408,0.000004265183668474675,0.00005241361334632846,-0.00003541772997762444,-0.000007918216801816128,-0.00005194737314729355,0.000007491216484277455,-0.000014758052543474698,-0.000051867808248139454,-0.000009204758633288827,-0.000034055879250701305,-0.000024734972263585757,0.00002833365090312697,-8.994365650097447e-7,0.00003437081259910141,0.000025812349805205543,0.000012410142445668757,-0.000022806085939566734,-0.000015514646599920556,0.00003087109465574864,0.000022087752277908567,0.000008989806965758938,-0.00004380330084230511,0.00001739156755074813,-0.000012169257991630407,-0.00003445032500167671,-0.000010896817169353498,-0.000014688166310073502,-0.000017527026967269533,0.000006247432713188314,-0.000008423362318386972,0.000011721459742724495,-0.000004207784441806982,0.00001318407583345186,0.00004971424222209869,-0.00004079080240608424,0.00001854427144300473,-0.000039379254776562644,-0.000023165578804521645,-0.000050450776753933465,0.000017057803201126977,0.0000011966300275171349,-0.00004440069064634421,-0.00005610043708782912,-0.0000049404402746714149,0.000005551651335500967,-0.00007496185003761188,0.00011185276876973285,0.00004375047200504917,0.000028941728761724557,0.0000021657266900096804,0.000010514544770926347,0.000022564575775290323,-0.00003386165061123869,-0.000016043907279615886,-0.000010148449346274214,0.00006931820324221996,0.000014976002351221304,0.00001410366491180455,0.00004887976885409814,0.000004268110110347926,0.00001801289611250698,-0.000036317061612989706,0.00002045812186987652,-0.00005449936976282644,0.00003839995080997197,-0.000011149801291654407,0.000013326774954383606,0.000006535558210363374,-0.000022131137067472287,0.000005789447476293835,-0.000012019512044840168,-0.00002876894867549823,0.000011101747801714839,0.000008648040390748876,0.00006113938265427003,-0.00002718190658597267,-0.000002306923283597964,0.000008534738131802882,-0.00003272685352894745,-0.00005547315269324378,-0.00005398818978485646,-0.00004408309526244532,0.000024622909461503898,0.0000274918750977223,-0.00003385861648561349,-0.0000015310010934001582,0.00003114049494806505,-0.00004064113779081454,-0.000023940783832487243,0.000008099573357502531,-0.000029185978333119445,-0.00008253784147834344,0.0000031521333336779577,0.000053817443405880755,0.000007478286623223467,0.000047796916611311634,-0.000007138185746995655,0.000005488433367748319,0.000059197758466094044,0.000011360841390399788,0.000012241974195362365,-0.000029660187072008018,-0.00002118896619733529,0.000020803609922053412,-0.00001794028341288657,0.000041251835006531016,0.00003073211951312083,0.00006907599321492533,-0.000012507927846431598,0.00004065158689229484,-0.000006602784720679504,0.000017534213268153366,-0.000037706939578243775,0.000048679902552677675,-0.0000010304988604135444,0.000027890049868268768,-0.000012045196625529824,-0.000009413672107998537,-0.00003165625957454635,0.000010762185450324047,-0.00002014929333624784,-0.000017571271580847046,-0.00003996312821016025,0.000023207763672248106,-0.00005624185457221702,-0.000020096224634137424,0.000013669523990438444,-0.000027193972663724776,-0.0000719860935513282,-0.000014348328171514862,-0.00004030184086312441,0.00009136201335207609,-0.00001954098004134321,0.00001863401742561453,0.000018403884201103685,0.000047762358259281814,-0.000033422839234522174,0.00004807864204614061,0.000004671732435668471,-0.0000011044410230638058,-0.000013813778937468684,-0.000012382804922535438,0.000051019886927280094,-0.000027381383550317064,-0.000006333053928237852,0.00003527720642973209,-0.00006639090527018433,-0.00004432423458833086,0.000010807579561447868,0.00001002472631401388,-0.00001772584809865422,0.00002283423864504822,0.00009390693109503533,-0.00002651558611284435,-0.000033041106192998464,0.00006697841449109777,-0.000054311774905485525,0.000043034231025133704,-0.000026272396145131145,0.000015559808249849513,-0.00002919003996774911,0.00000881873768700284,0.000015949460220046208,0.0000019392387145865197,0.0000033856213958250679,-0.00000996925839140026,-0.00001368246815072477,0.000029112255349376496,-4.076570457383676e-7,-0.000053910354333196475,-0.000010217246419366487,-0.00009023096726351303,0.000021501252171259957,-0.0000740785949058704,-0.00001978500711398724,0.000045721466047947994,0.00006791038044088301,-0.00010552331517787165,0.00007461526258388336,0.00004127061098895883,-0.00007460303253198152,0.000024486231706418466,-0.00009673832739471783,0.000006925361591188261,-0.00009877979690726236,-0.00005210193952633755,