{"layerSizes":[100,5,5,5,4],"connections":[{"weights":[0.0000033299028766230619,0.000002258739064909899,-8.656497758398851e-7,0.000003526427386816392,0.000007136458296914933,0.0000028726432990777915,-0.00000743426299468195,0.0000037856685656493824,0.0000015555608177770702,-0.00000753773413914473,-0.000005655315746286739,0.0000018821634492306247,4.974844364228186e-7,0.000004676725324307321,0.000006053260203576981,0.0000021634704893167694,0.0000010152569859742876,2.532217423623678e-7,-0.00000528494958607398,-0.000004665779699567497,0.000009334634134203299,-0.000004982784135063029,0.0000012439347829930213,-0.000011801932045339262,-8.027095221056619e-7,2.500400940297538e-7,-0.000001595654030819405,0.0000015899156810980329,-0.000002883280168718152,0.0000026913224644046135,7.838564679527495e-7,0.0000027072066869420905,-0.0000029531308632540715,-0.000004389217569210941,-0.0000010299787702591866,0.0000010600987860443563,-0.000002402845765276207,0.000003925430179942964,0.000004225586032205657,0.000005977029251815092,-0.000001785286228150928,-7.40664318717204e-7,0.0000025255269743531756,-0.000004995187486567232,0.0000019021200264698528,-0.000007123993378949925,-0.00000606343944248661,-1.5336575605732843e-7,0.000003910066223751106,-0.00000377879285313061,-0.0000017223369963197579,-3.091394585190905e-7,-0.0000020140374736553834,0.0000018400938490593629,0.000001975746724974895,0.0000011664526625554898,-0.000004928580791233078,0.000008889437725138238,0.0000013744376411118342,-0.000004086327399907352,-0.000003959939063961856,-0.000004522751591105875,-0.0000037414862516216566,6.624976652527921e-7,-8.219836070121815e-7,-0.0000013317225824704655,-0.000003892500985123589,0.000005497130848906503,0.0000015137905539302114,0.0000012789579056144804,-0.000003475557483981639,0.0000032704858889049396,-0.0000032826695420231798,-0.0000049755763380757638,0.0000015111314366015422,0.000005048546585072046,0.0000033808189698118139,0.000005609906363892031,-0.000006585515968911689,-0.000003806430920654507,-0.00000425046843490729,-1.9668357354060217e-7,8.087781997449097e-7,4.530198270467188e-7,0.000005649406114172431,-4.888866504893202e-7,-0.0000057508922722521089,-0.0000010462045039537752,-9.69479490186712e-7,-7.40447289689481e-7,-0.0000027991695185991434,0.0000037555257004147777,4.0593103313153929e-7,-7.538902566770802e-7,0.0000016551192210765157,0.0000014115436456566803,-0.000003945270419382249,4.708812174313933e-7,-3.98970156557092e-7,-0.00000954102802799981,-0.000006313004754660169,-0.000011588515557353815,-0.000009457409729943651,-0.000005932097499045773,-0.000005290363907999036,-0.0000034614505273520389,-0.000003050671389404305,3.8875291726567447e-8,-0.000002942233336016967,-0.00000326119798349014,-0.00000287402516997971,2.637660826397221e-7,-0.000009286896932516942,-0.000013613530525694737,-0.000012026811571863754,-0.000014747872856206778,-0.00001417357618025087,-0.000008984396426928957,-0.0000016158328804860734,-0.000008355119882439107,-0.0000073334126405552839,-0.000018500341309757708,4.4455429636884667e-7,-0.000007531558544224133,-0.000016551082872416386,-0.000015699296028953714,-0.0000037249743115423846,-0.00000992943436631377,-0.000010388481634353915,-0.0000061532608185830868,-0.0000042548663862688439,-0.00001439738477048603,-0.000013290453158667446,-0.000014690465200594533,-0.00001451163986255639,-0.000015251167182473362,-0.000007717540367156698,-0.000005849281141269157,-0.000010598893148909868,-0.000004850970005338687,-0.000008354227600881833,-0.0000016176466421236082,-0.000017447040348229323,-0.000007462438835392678,-0.000004292825464216479,-0.0000010873932977143596,-0.000012072223781196817,-0.000011953651244577153,-0.000010650727844665856,-0.000004792572614010818,-0.0000026674757106378059,-0.000007498379710691443,-0.000010748649163474726,-0.000009179111598678637,-0.000011242806850772367,-0.000009614740684320531,-0.000018048117345245263,-9.98878535227022e-7,-0.000008670873779853097,-0.000007054904103655546,-0.000001476652903305987,-0.000008436093741875168,-0.000011276820521264335,-0.000005633252282056688,-0.00001779933104766044,-0.000006613880351145337,-0.00000787395789896619,-0.000012894450348221924,-0.000013075865701330921,-0.000009870025718919758,-0.000004915245909624373,-0.000009551130143513325,-0.0000028706974407186728,-0.000004782234923600513,-0.000003617495029661536,-0.000012318110198247281,-0.000014694195572725822,-0.000004840922546908834,-0.000012660773590384363,-0.0000063429488202526749,-0.000002787295693831438,-0.000006979896725168972,-0.000015969006175252576,-0.000008203450602043841,-0.000010381991892788632,-0.000010056372040360338,-0.000012676728592024215,-0.00001123628652278689,-0.000011496669154249085,0.000004219782863358456,-0.000004248400755761727,-0.000008196225858983642,-0.000007793296247047062,-0.00000845432762536918,-0.00000820147514818322,-0.000008026469373856989,-0.0000062457986889363748,-0.000007050145690521413,-0.000004828195531409789,-0.000008716706930097456,-0.000008880145217067449,0.000003789009315454517,-0.000005447050672192098,-0.0000010723119561181316,-0.000002441968241336175,-0.000007174528119283434,-0.000009504293102257011,-0.000001882735414146534,-0.0000025718196922588479,-0.000009873655147351656,0.0000018029527905897516,-0.000007760311457474812,-0.000011547591540157023,-0.000014153967234669123,-0.000011532115152370707,-0.000010068335481287223,-0.000014834868735840932,-0.000006246046509291738,-0.000011901007719421538,-0.000002116891065082932,-0.000010350790737096678,-0.000014320233705576166,-0.000004137888853422355,-0.000004323471728883381,-0.00000913509378236721,-0.000012374983520195658,-0.0000036928436096779998,-0.0000155565475501972,-0.000015507061517091804,-0.000006367705666653353,-0.0000017924740589089699,-0.000004703589223021545,-0.00001363236453840653,-0.000005981609364334483,-0.00001582262624727582,-0.000011682461711259506,-0.000013407214209682978,-0.000008700865197728087,-0.000011587784398828642,-0.000004965923420419686,-0.0000017354119137057592,0.000006286320713743045,-0.00000987505464640234,-0.0000057001417015625948,-0.00000561916882284505,-0.0000060524349524392568,-0.00001004072935299878,-0.0000125704390517168,-0.000008222196075030219,-0.000005480513422947504,-0.000011393946311685773,-0.0000035052513878240938,-0.00001377697807502623,-0.000006387405359484507,-0.000012312885376274937,-0.000007981541151847178,-0.00001175458122454773,-0.000004752187750829729,-0.0000036810990658148697,-0.000004261413360974284,-0.0000033423658559612668,-0.00000773313091872021,-0.0000018380077204744106,-0.00001801716446527761,-0.000001630976687893632,-0.00001058703910035316,-0.000014409731040668466,-0.000007129367383733984,-0.00000913102338199276,-0.000009894915134660724,-0.0000039546471244760918,-0.000014341351311865431,-0.000004261070661247437,-0.0000016954870704077973,-0.00000763792227516456,-0.000005722921353576682,-0.0000046274224477384798,-0.000004919217346245844,-0.000011574944274677323,-0.000005693161210840333,-0.000008204894113585011,-0.000008112646349193607,-0.000010253839240920893,-0.000006143066937698495,-0.000006467532822458744,-0.000008178765147973577,-0.000013559101127958306,-0.000016933163532710098,-0.000005709754082509375,-0.000005003599478675797,6.02035038747091e-7,-0.0000042424595939007139,-0.000008815945332590407,-0.000009805207266804402,-0.000007867920500994424,-0.00000907344619949759,-0.00000372246800551564,4.789747711832105e-7,-0.000008953184282359458,-0.000002462974811719059,-0.00003394941011742876,-0.00003179343485176694,-0.00003321431144042862,-0.000027501671778866794,-0.000030037119851096387,-0.0000314172589305643,-0.00003348087145715287,-0.00003208153272649797,-0.000026554119754785786,-0.000032298017264081896,-0.00002904151173377307,-0.000040306018008102025,-0.000036427216567917925,0.00001921352163170227,-0.000053236638113569475,-0.00005848288388476572,-0.000062111473398007,-0.0000590212568896452,-0.00005890933411373002,-0.000027796229119805793,-0.00003240005987588851,-0.00006331927896192396,-0.00003105439986483056,