{"layerSizes":[100,5,5,5,4],"connections":[{"weights":[0.00022477857776493824,0.00012580728589752568,-0.0004923313909157819,0.0003125183221650657,0.00008986065774260525,0.00024093521951264348,-0.00007347117425242639,-0.00013498416010229218,0.000028725207603827924,0.00015481992135265768,0.00021516049026158322,0.00021711965918754208,0.00008183424580498395,0.00015134178744122292,-0.00026353832783164644,-0.00003399705888642995,0.000023456523616522937,-0.00045554606954160677,0.000055947556302864016,-0.00028384591587286574,0.00007061100396699992,0.000014116185430365314,-0.000052937027816649434,-0.0004686761484688208,-0.0003289408861232248,0.00007154903987372371,-0.0000838939257767339,-0.0001097978662713551,-0.0003866202028877505,0.0004439898755695469,0.000005561069479955898,-0.000017735084105661074,-0.00025841937225763744,0.00017849508510529567,-0.00029541361116888765,0.00007776035022640713,0.0003364727921249566,-0.00011165097741500596,0.00019403464279035037,0.00003076019720882311,0.00009238386321278776,0.00005416051524039773,-0.0002187093393838681,-0.00012247438401948488,-0.00033418614495831926,-0.00019886891518561026,-0.0000319106711002581,-0.0003254474744035116,-0.000046199197101662766,0.00025871855078066973,0.0005379571623558997,0.00031533279172715024,0.00006708916701970084,0.00019534905264078495,0.00014441031677454904,-0.000342115670360586,0.0006286546675504129,0.00018760943447442935,0.0003391026629491091,0.00023257368091012776,0.00023199230447060485,0.00008243361571758758,-0.0003888366074106565,0.00041678660305007867,-0.0002739520452825993,0.00016791610973416232,-0.00005534810617212929,0.0001455333123836404,0.0001226008967653775,0.0003494383193560189,0.00006945863463949098,-0.000036655245466313915,-0.000053042098652265134,0.0004200116344620736,-0.00033199492263924865,0.00036655965320018364,0.00016719562063915354,0.00027751384524911263,-0.00029725418803803355,0.0002507986373608781,-0.00025794555676376024,0.0003557720107492031,-0.0005868396618224009,0.000008620002844832641,-0.0000936755372434259,-0.00007587169262381132,-0.00006960400301994678,-0.00040323234364578593,-0.0004943754357662519,-0.000011319856254114278,0.0001191703607473164,0.00011686028765383444,0.0002859504093460715,-0.0004013531597935618,0.00013617167404994662,-0.0002188087306353996,0.0001427486002993581,-0.00039173852020870986,0.00019070323167349259,-0.00040183410674993,-0.00019052570475486434,0.0002594153894873023,0.00003555444399264206,0.0005254210006934967,0.00006433749966957373,-0.00009583321396806094,0.00018380105043338307,-0.00013164054911183178,-0.0002039979745775188,0.00011219343025697336,0.00003442518490625905,-0.00019208485065638,-0.0001600731306209379,-0.000044718384271153195,-0.00023756287028759988,0.000037366140120194914,-0.0003586480470723509,0.0000031867040851703925,0.0006029104090907363,-0.0003614777048067187,0.00012006472359593636,0.00008015843092289787,0.00032524313386038595,-0.0004619120986813617,0.0003040526134177341,-0.000024682849036616212,0.00031542295552834605,-0.00043344365793102654,-0.0002921801186644045,-0.0002221548849900033,-0.0001521162538450857,-0.00010298468835334259,-0.00005187359058552281,0.0004165135002155871,0.0001311534593584916,-0.00034703393169638726,0.0004043597965118235,0.00019066769421938746,0.000052065344055766465,-0.000279197707147629,-0.00033267383294751935,-0.0004102562367401862,-0.00010822827058807028,0.00003717447350400288,-0.00044408884716164865,-0.0003227848826928455,0.00010278902768019517,-0.00013809957646781357,-0.00009135907023730038,-0.0001659437986647352,0.00009028338091455449,-0.00010710381214858549,-0.00011347499715404821,0.00036447095350664553,0.00016215674207674158,-0.000009050264768348955,-0.00007156509012070397,-0.0005039326026926454,0.00003895405030557035,-0.00015363108687837021,0.00014519198035728832,-0.00014688235309531084,-0.00001663907194273557,-0.000025842362384158486,0.0003707551993981465,-0.00008280564715155294,0.00032791952550321985,0.0001674967052131763,0.0001958728421260202,-0.00011259558692829773,0.00013809003300333157,0.000250430224884793,0.0002791374443368743,-0.000056287466681932375,-0.00010731480139799566,0.0002040347001287475,-0.00019927177103754295,0.000011608007101923761,-0.00009953641436926453,0.00013997023081752926,0.00013213070968773937,0.00008551578140191154,-0.0003348766235341241,0.0001217877607093412,0.00011672182205205616,-0.00000900248063889445,0.00023516671072147628,0.0001599086556609104,-0.00009629112123093693,-0.000001000359326815562,-0.00044284530425566795,0.0003000317180968994,-0.00017760066563045219,0.00024988957114973573,0.0003429385294490495,-0.00014500575144913263,0.0003470544103077013,-0.000052632180998016535,-0.0008092599986473899,0.00015900033432714219,0.000020192683859040938,0.0002174418104829457,0.0002338818386531111,-0.0001387791605508309,-0.000018169327367973897,-0.0003281118510028901,0.00014200773565045484,-0.000005704642528470923,0.00026667736570866376,-0.00005545115154085713,0.00003596989803079941,0.00026866825078382763,-0.000244657605380623,-0.00002967563100926185,0.0002972583098262863,0.00003175166580049759,0.00011721784674662888,-0.00011064592589253348,-0.000020368663997946076,0.00006445920585291436,0.00019110769501220665,-0.00028972220815042026,0.00009048410029213336,-0.00006473262609587704,-0.000389399138345183,0.00029610167308122715,0.0002920030297067605,-0.000011920275641625125,-0.000417472480468187,-0.00006711760473606724,-0.0006036912066132439,-0.0004193194376827533,0.00009324492728233249,-0.0001640914599730336,-0.00040412249081194196,0.00016072559673656854,-0.00013094341785759687,0.00004448088868025538,0.00024728091874517494,0.0005114844599875213,-0.0002463797252909193,0.000005066054442851206,0.00007907696960883552,0.0000315029810181927,-0.000026257548434417275,-0.0004979525244589422,0.00009777107587561351,0.000047865651964822756,0.000014967821295430914,0.00014626588956075107,-0.0003797262984034514,0.0002341196518330037,-0.00040781358812935634,0.00024231540532074236,0.0005456718393686307,-0.000030045748606287556,-0.0003283183303629036,-0.00004223193912820833,-0.0002451076657212436,0.0001907195005978338,0.0005689326316777389,0.0002471551575105896,-0.00011842332701865373,-0.00010946742783789781,0.000033693684385038486,0.00017225846064518037,0.0005291609041189615,0.0001482076032027872,0.00034107905643246584,-0.00010589977346754729,-0.00018220293820633973,0.00018327319921710157,0.00014146595558134047,-0.0003318795686540442,0.0005537891796909156,-0.0001690387977915909,0.00043966190544791244,-0.0000010479987317533513,-0.00008012482839946397,-0.0002583063009544747,0.0002378875824321896,-0.00014131608582676968,0.00011440239157747439,-0.00041111400072102683,0.00019482961278805572,-0.0001970291502843186,-0.00011866825870539421,-0.00018615836282920038,-0.0001303663504406994,-0.0003587456390312511,-0.00028778740929840676,-0.00027223754859588485,0.00007740208245892528,-0.000012629521858851356,-0.00003962946496487307,-0.000055846610092250435,0.0002350026474517946,-0.00013681004196794048,-0.00028318736226547593,-0.0003282676934740123,0.000017233443889566914,0.00021524365833582856,-0.00007080783115321278,-0.00026566868993277713,-0.00039372751909226935,0.00006259529663692322,0.00006136300117621135,0.0005175249278548359,0.0002839781494300632,0.00036256082818236855,0.0004250262859305586,0.00011776569628022551,0.00006947682242332371,0.00017063690324944122,-0.00007155385271875505,0.0004514179540806746,-0.00006534436471402445,0.000016509393452814942,-0.00010997284339984947,0.00019803068643864223,0.00009043178417832881,-0.00045349121630156876,0.00020311265008783545,-0.00014539324875786555,-0.0000882650449990117,-0.00001607905187340097,0.0004828234241070577,0.00005210490052214235,-0.00034064786165544336,-0.00044396972898430695,-0.00025712903711438853,0.00010578599945208062,0.0002897493601568149,-0.00003019512047736444,-0.00009641876312549873,0.000451828287379213,-0.00015308514311562592,0.00012961145756072766,0.00015839968825482887,0.00028316199962270664,0.00032317725483465003,