{"layerSizes":[100,5,5,5,4],"connections":[{"weights":[-8.500912882144521e-7,-0.000006554562976770242,-0.000008913661919552578,0.0000016106761135431019,-0.000007212152292015425,-0.000007653674781158764,0.000006692873064596207,-0.000004512616570907714,4.4853016659213108e-7,-0.0000035572075657896295,-0.000011353718306299611,0.0000010642253058255867,-0.000006111747851425975,-0.0000018627920321958198,-0.000004268010531564352,-0.000002800349323719727,0.0000041091011222946389,-3.467972749022182e-7,-0.0000017517353441788117,-0.0000028949284715504569,-0.0000010032875993672486,0.0000060607756543998478,7.291095772844885e-7,0.000003904893922129399,-1.130712969071579e-7,0.0000031245339878313588,0.0000065746364907531148,-0.0000028830970698662428,-0.000002473737470307001,-0.000013402251999651774,-0.0000036210998850661317,0.0000072259355591125139,0.000004224349549610164,-0.000007467758559477571,0.000008243853261464757,-0.0000016236322090141246,-6.976079884366828e-7,-0.000004679436382022109,-0.000004376053219063123,-0.0000027922117528872684,0.000002573491412204627,0.0000036420073953797499,0.00000465064129977181,7.243542494324733e-7,-0.000010255953724678936,0.0000068184096830709388,-5.76181444710924e-7,-0.00000399462529803778,-0.00000852418807324072,0.000007485113411672714,4.829076065368586e-8,0.0000018581326069341357,0.000005488465622193476,6.425002048407639e-7,0.0000020295828751284085,0.0000035075892382860087,-0.000001987612579998086,0.000002193160389226818,0.000002734978817457003,-0.0000020446478600300976,4.143430539962721e-7,-4.2067295200399186e-7,-0.000002241000103096877,-0.000008794262366709212,0.000005316453489614418,-0.00000269623438504218,-0.0000032187301033135284,-0.000011456535978829438,-3.966570205375335e-7,-0.000004599814554426467,9.354967148937642e-7,0.0000022623604540217275,0.000010933524027809013,1.0597727162236048e-7,0.0000034687057194629905,0.000004705114537954537,-0.000014089771215597655,-0.0000037243827191640416,0.0000017983746413140719,0.0000029014140395137935,-0.0000066748042637730119,-0.00000489975988330537,-0.0000026360517070416529,0.000003944815429108654,-0.00000551469540554636,-3.17471598356321e-8,0.000003330117372039384,0.000003173258021150952,-0.000004230661391841972,-0.0000041949579712733258,0.000001038118206313055,5.7810337881978979e-8,-0.00000542794961095289,-0.000004519213398048002,9.55078890952325e-7,8.907885092177678e-7,0.000001782988541008785,-0.000004987388866906751,-0.0000017900475082384832,-0.000009939298241232545,-0.00008627221169956077,-0.00008636413452625066,-0.00008790413816509267,-0.00008426871092773254,-0.00008503228210015329,-0.00008640303387471837,-0.00008357066719463625,-0.00008950008781554739,-0.00008481854868997757,-0.00008700081809515465,-0.00008879067566282472,-0.00004912647083200377,-0.00017391565142610925,-0.0001771544920878731,-0.0001724478205325386,-0.0001761658705649103,-0.00017642760708571983,-0.00018120034573716588,-0.00017528464453087233,-0.00008861795627690614,-0.00009723018492526017,-0.00018135731202971787,-0.0000891717865747174,-0.00008057259870872103,-0.00017482151367167868,-0.00018274553300696257,-0.00008135705722378622,-0.00017623288179676152,-0.00018192624605014345,-0.0000883220309086693,-0.00009014555461971617,-0.00017854272050485571,-0.0001848391136865288,-0.00017649512856457883,-0.00016917012317212184,-0.00017038754186927456,-0.00017581801284354418,-0.00017855204029414756,-0.00016509488565025242,-0.00008507082372139609,-0.00008548776625274851,-0.00008353743508442993,-0.00017876634359483638,-0.00009092043597670011,-0.00017949032543052165,-0.00010101935704613414,-0.00017389527542171262,-0.00017883830325602008,-0.0001722884367959823,-0.00009550515834515798,-0.00008581466061555723,-0.00018046391197015264,-0.0001800151609312259,-0.00008651904702963164,-0.0001621982764826085,-0.00018056795938021765,-0.0001757550496316672,-0.00008638776971378468,-0.00009296163434936361,-0.00008778095457739985,-0.00008433003115043542,-0.0001729891630088737,-0.00017382907066976365,-0.00017018288856448174,-0.00018069627199364133,-0.00017274875844574172,-0.0001741283301181607,-0.00017274811017379104,-0.00018191763941118237,-0.00008248899566418311,-0.00009031896528716571,-0.00017499354239926629,-0.00009000497953575833,-0.00009221013238996119,-0.00007914112025712226,-0.00016806158348432325,-0.00017684363211314068,-0.00008648013617070974,-0.0001732006530347618,-0.00008684768306177959,-0.00009097333976833465,-0.00017747915004290738,-0.00017168552868415977,-0.00017836673425069446,-0.0001749021511394128,-0.00017553352164986126,-0.00016971739953894213,-0.00016625305588923513,-0.00017964560384415464,-0.00008533674126037148,-0.00009589005132164102,-0.00009004105776617722,-0.00009344634345494873,-0.00009841314628331292,-0.00009482147295388536,-0.00009603218975368442,-0.00009001724264283732,-0.00008457494433811573,-0.00008573615163159878,-0.00008273746555611325,-0.00007643356935937447,-0.00008230448338133233,-0.00009044116059032364,-0.00008252927547185746,-0.00008932297584299113,-0.00007790889757163408,-0.00009344781788844412,-0.00007886035531457881,-0.00009562921836185127,-0.00009006917596778854,-0.00007775368572017522,-0.000054134475069953544,-0.00012176004585751402,-0.00012612201161945892,-0.0001610702155749773,-0.00017435423513204252,-0.00017861019991591873,-0.00017123346502488724,-0.0001729773307593487,-0.00008459565514412531,-0.00008188556574122246,-0.000169694697428436,-0.00008958509997948952,-0.00009111300302070582,-0.0001724302005237243,-0.0001632302971609095,-0.0000775208266018214,-0.00016813253598215943,-0.00016752919955046903,-0.00008294204229761709,-0.00008249583939056425,-0.00017042631811986934,-0.00017458404137427644,-0.00017259474146719941,-0.0001648060191853933,-0.00018000028926750362,-0.0001700464664492073,-0.00016787415989547562,-0.00018404639336259772,-0.00009252816243081926,-0.00008618388947135829,-0.00009073061451390712,-0.00016877939628499368,-0.00008065563398606697,-0.00016593088294312368,-0.00008672591728926178,-0.000172516655983484,-0.00017546720236164283,-0.0001638480217418539,-0.00009209771646834526,-0.00008979588585120666,-0.000166652555306465,-0.0001750999193928519,-0.00009019504083927632,-0.00016833735468315712,-0.00015909929191350953,-0.00016812068168650437,-0.00007649758350955091,-0.00008758501886889602,-0.00008338994660706599,-0.00008991401462932952,-0.00017051004816370053,-0.00017774562306981738,-0.00016325985168584182,-0.0001655120515361394,-0.00016538061811055007,-0.00016403288508043686,-0.0001708391889088938,-0.00017387477913084884,-0.00008704244883282117,-0.00008572708028705554,-0.00016881734238034636,-0.00008620816713061878,-0.00008589697037382683,-0.00008264707910723256,-0.00016995841250145628,-0.000167139656150377,-0.00007773688682126463,-0.0001655192725886326,-0.00008358607036365037,-0.00009721746478274845,-0.00015965929969542233,-0.00016748647951355576,-0.00016865914255360427,-0.00016816872376260487,-0.00016755295188725723,-0.00016471912470875138,-0.0001744812176113455,-0.0001656497514579636,-0.00008784807672865159,-0.00008115153436384168,-0.00008738896656552831,-0.00009095705668711155,-0.00008057055270086517,-0.00008090908921390984,-0.00008732269898278675,-0.00008536672044306196,-0.00008047478292758984,-0.00008117066015953897,-0.00007577429693780003,0.0000012329917345328039,-0.000007062643152770809,-0.0000011475593466226393,-0.000008043586232154367,-0.0000064185258837567908,-0.000009770211695772313,-0.0000016877497881814414,0.0000029504469427839135,3.19729741592576e-7,-0.000002906812396030977,0.000008203148556848739,9.13072927464237e-7,-0.000008790918446603414,-0.0000059126901486490728,-0.000009142114138484994,-0.0000034709062748901689,-0.000003436232347049794,-0.00000455681160114378,-6.250988042085195e-7,-0.000005201239115887457,0.000010133144308530994,0.000002684587855991349,-1.5401437250182366e-7,-0.000006698801704980307,-0.000013772348510585928,0.000003064640588504411,-8.85319653981046e-7,-0.00000473447164868881,-0.0000073413567856948409,2.739693677542004e-7,-0.000008424966472133287,