{"layerSizes":[100,5,5,5,4],"connections":[{"weights":[-0.00001390694551602406,-0.000008621251071847785,0.000016884279231140932,0.00001646967952863384,-0.000011383847611536297,0.0000032414587047613065,3.211376767474663e-7,-0.000004161574897875217,0.0000014539552183768943,0.000003125993492456862,0.000012084419737923533,-0.000011187465995936691,-0.000015311762021408355,-0.0000011195990941059276,-0.000010051281592252417,0.0000024144840639316625,-0.000005951702090966915,0.000011637428934950903,-0.00000814746841154385,0.0000029250892798685125,-0.000006008218707116015,0.00000966277116596933,-0.000011961779968323509,-0.000011997297968591248,0.000005010672997989901,-0.000005736798599561935,0.00001052856697467543,0.000010259873460250557,-0.000010948087082961821,-0.00000748555655736398,0.000013680579625269473,0.000015053111464207015,-0.000009514628198858273,1.365998870512191e-7,0.00000994135764126349,0.000009504989107106574,6.636962507264404e-8,-0.000007645220244083305,-0.0000011792315963357268,-0.000014983228140998515,-0.00000775124237132689,-0.000008479450038735536,-0.000010383392384049647,0.000007282073990763561,6.763799032691349e-7,0.000006856842501007734,0.000003119319906224515,0.000026874381768467273,-0.00001529680969900225,0.00000407158549220529,0.000007484348406234462,-0.00001615864412305281,0.000008576065872984661,0.00000255993302019645,0.000002359693903445959,0.000012140682481221646,0.000012862407604105953,0.000006921011020210294,0.00001589079557203978,0.000011720790344610226,0.000008712023489866233,-0.000017614419194660457,-0.000012593701273714156,0.000017833671915988526,4.4171846741334777e-7,0.000008900260462470173,-0.0000060305565713710588,-0.0000023625400498736377,0.000016307519598475254,-7.428871508984231e-7,-0.000016256935711148025,-0.00001177602277201662,-0.0000013401563126111617,0.000009297808215151643,0.000002342987819383769,0.000001958789996271843,-0.000009757939851631442,0.000002766049763222211,-0.0000026956968628771728,0.000010804738274732056,-0.000005640215159201522,-0.00001971015243319222,-0.000016983559257533086,0.000013168035485409328,0.0000030342976856869217,0.000004313886312846418,-5.218540378593894e-8,-0.00002838727153375111,-0.000006662586819410973,-0.00001175560363091469,0.00000301980017805138,-0.000020725368522409043,-0.000007194947943643042,-0.000009001584783831282,0.0000034613243567314458,-0.00000884467584823211,0.000010019708789162039,-0.000004817748712557183,-0.0000032792635377389367,-0.0000131911218152494,-0.00009911241810572788,-0.0000976668567546544,-0.00010999093749455614,-0.00011962420042640588,-0.00009096489751383137,-0.00009506112302035556,-0.00008764823707910538,-0.00010092731382251017,-0.00011442972156706102,-0.00008366821126849062,-0.00010143179694176419,-0.0001568199809199763,-0.00013773821882242425,-0.000033943519974896945,-0.00020992719902356493,-0.00020157065761887432,-0.0001965964725539798,-0.0001918409324875073,-0.0002219070925971049,-0.00009708481169423912,-0.00009066085766591622,-0.00021076120590731513,-0.00010503258667091899,-0.00010200103495406052,-0.00018664474583667315,-0.00017847811943102159,-0.00009882099376926957,-0.0002056594542131418,-0.00020289307308704978,-0.00010450465571536162,-0.0000982293659792537,-0.00020130875496362466,-0.00022134341497094144,-0.00019344950093921114,-0.00020245900680272252,-0.00019702378251671625,-0.00020147425902791095,-0.0002073918310667082,-0.0002113524728876327,-0.00009754345630199872,-0.00009582219211583635,-0.00010401388984642586,-0.0001950284137328938,-0.00010914361379378053,-0.0002091130920090988,-0.00010069029419120632,-0.00018361925886349763,-0.00019913540970051274,-0.0002137301252319164,-0.0001116392378558872,-0.00010939296322719389,-0.00020477053148478612,-0.00018959937562506817,-0.0001090711486633216,-0.00019233605311660612,-0.000211709155631712,-0.00020652033529325515,-0.00009357743355752407,-0.00008771056857755009,-0.00011000825672712676,-0.00011007299053490169,-0.00021663579046181318,-0.00018688127264987687,-0.00022498312546570106,-0.00019227815715440818,-0.00019479217549909014,-0.00020760481043113844,-0.0001888676664855745,-0.00020761127613709216,-0.00011567085515378789,-0.00009093903884875591,-0.00020417412321857974,-0.00009040286088621901,-0.0001043275125544953,-0.00010210424292248003,-0.0002104670094449877,-0.00019002388275843495,-0.00011595317764202905,-0.000228580481907308,-0.00011758743444069093,-0.00009546292197053033,-0.0002292525663182271,-0.0001940805137185031,-0.00019782046135221213,-0.0002011907554722944,-0.00019864229115824518,-0.00020496914453658544,-0.00020552598943134398,-0.00020846085747042113,-0.00009140748420233034,-0.00010968441538032607,-0.00011074547610389581,-0.00009195172521999266,-0.00010033649882983182,-0.0000868806360522606,-0.00012826987276564952,-0.00009012215998202732,-0.00010940034434614172,-0.00010380582357501682,-0.00010055139553633473,-0.000006003627908089939,7.241371011582476e-7,8.288144410825979e-7,-0.000008465816446400908,0.000007921243576040313,-0.0000024219957482173959,0.000012915595497793515,-0.000006906031090013194,-0.000012427410177713487,0.000007722613175865267,-0.0000025183169290722097,0.000012714226777436135,0.000013375128752433755,0.000004048648866480876,-0.0000024210784889437684,0.000009037291300819204,0.000009657562747640456,0.000013126298659818872,0.0000020789467475418996,-0.000018552674686589354,-0.000009842880373312081,-0.00001180261179563565,-0.000016124681026057972,-0.000011153919289953385,-0.0000063636758597259579,-0.000021697071982747558,0.000005674114989821502,0.00001365621978691482,0.0000067167323547208498,-0.000009230569182457603,0.000005588083055522994,0.000006415591745557948,0.0000055967847314687968,0.0000014302804130229115,0.000005335700139042269,-0.000004638274618900685,-0.000006343547219272747,-9.287272205958895e-8,0.000018551527254448058,-0.0000035478699281179759,-0.000006848718771187844,-0.000005663144402446898,0.0000153950178575632,-0.000023161557547042908,-0.000005328392041634378,0.000002280219355621061,-0.00001668814967466205,-0.00002096779331934231,-0.000007560614212000351,0.000003893989445372703,0.0000037110418146121657,-0.000012992377523917627,-0.000012483381757052921,-0.000014244715682608918,0.000008527678385051018,5.861876380183083e-7,0.000004496729883628804,0.0000035214627469455408,0.000003634690820468396,-0.000006578744923695736,-0.0000014122534936684973,0.000008509663480060835,0.000028246372932277633,-0.000005614103203874076,0.0000049488150587820669,-0.000025754028699474513,-0.0000011961686256874995,-0.0000027936948352169965,0.0000017911548397762027,0.00001165289264233266,-0.0000031343189640981996,-0.000005963496972590713,-0.000012350736738726045,0.0000032714190783674648,0.000003653518476908427,-0.000017100140553414155,0.000008927804050041043,-0.000007225128232656981,0.000012208897784868599,-0.000013987397769284485,-0.000027799786318287188,-0.000007449050019699672,-0.000024813716015812868,0.000008363055673273623,0.000004431177321691568,0.000012992494701728057,-0.000006279353000958906,0.000010014490425048426,0.00001256029416943702,-0.000008433536191653122,-0.000015995763128699113,-0.0000012473556752220264,-0.000001701670706633843,0.000015154852549610497,0.000014506968223230142,-0.000009271567021351953,-1.2132324444660903e-7,-0.000002962493289828792,-0.000002596758471284632,0.00001118582584785439,0.000007193437781193422,-0.00001152347733157156,0.000002877236462123272,-0.000006100315156043172,-0.000010337130806005572,-0.000017329807610947982,0.000011534770736824072,-0.000008571449665482653,-0.000004853619939395506,-0.000011645165075767008,-0.00001899418009268991,-0.000004055854069989663,0.000003931452646955383,0.000012448479438492022,0.0000027039853633259514,0.000013349095166723831,-8.843652629001293e-7,-0.0000033899862925935974,-0.0000061833266248094849,0.000001841712238961096,2.9735782546451258e-7,0.00000826358423823407,0.000005491068971356114,0.000002784895222753319,0.0000063634702622228429,-0.000005580228407879334,0.000004741468073074721,-0.000006359863670132958,