{"layerSizes":[100,5,5,5,4],"connections":[{"weights":[0.000003798538904840246,0.000006530179755701079,-0.000004097818688835963,0.000004264516181604526,-0.000002418013501962616,1.3122321109957485e-7,-0.0000018255306415544077,-1.9045900167160298e-7,-0.000002764432995668791,-5.458621191949736e-7,0.0000014299135361085154,-0.000002949601372586387,-3.3510222290110045e-7,-0.0000045097285842589948,-6.465379778511854e-7,-0.000004054451483973094,-0.000002753579032401237,-0.0000068027988862946228,-0.000002193726841139622,-0.0000023704118913369107,-5.340283048497939e-7,-0.000003903557542010074,-5.384919018344767e-10,0.0000015375905666314682,-0.0000012585875624843423,-0.0000035741670112231505,-0.0000015368705961296782,-0.000002424014917340354,-0.000003896355155421377,-0.00000507164887552727,-0.000002261730350907695,0.000001237514717167023,-0.0000023697903158972409,-0.000006456274065968462,-5.8433389471773849e-8,0.0000011791258637713182,-0.000004997156162498131,-0.000008205499365381687,8.858718056099398e-7,-0.000005224028553578282,-1.600538216644028e-7,-2.9969833563882667e-7,0.000003426253451227964,-0.000003385485993224182,0.000004683470784960936,-0.000002677278242054776,-0.0000022209370984653167,-0.000005149876894497191,-0.000004454677320140571,-0.000001600112928558784,-3.0941756084711838e-7,-0.000002343756720969754,-0.000002591237432423579,-0.0000010583829672059312,3.09592921105595e-7,-0.0000036567180108015995,0.00000206449339621515,0.0000031013723683602168,-0.0000014005739489572207,-4.451035408723994e-7,-8.717881215434441e-7,-0.000005030381443303535,0.0000016415744467485272,-0.000004035271704551176,-0.000005099818517584395,-5.3616844426231488e-8,-7.306918897821171e-7,-0.000005456700713603167,-4.995771398997287e-7,-0.000003948301375669231,-0.000004561050112873939,-1.8819999509888326e-7,8.711344848106926e-9,0.0000032701395490363248,-0.0000015257540582257897,7.675760709737823e-7,-0.00000473506973592342,-2.0712209800075906e-7,9.833643208770037e-7,-0.000004399905422078316,-0.0000014395066082918935,-0.000002867375738459674,-0.000001128275915797595,-0.000007842134079865272,-0.0000036058291612542965,-0.0000015102459763836802,-0.0000061937814013712808,7.633635002664347e-7,-0.00000412932117417748,0.0000026464340945782255,-8.296991039680557e-7,0.0000013151181038251548,-0.000004741109906614334,0.000002039203107998513,-0.0000015836281589057259,-6.311153393421804e-7,-0.000001610986913019644,-2.5527584210581296e-7,-0.000004113965640028809,-0.000007795739905354763,0.000007164828702552599,0.000009246237166990925,0.000006277209495902597,0.00000763554909257278,0.000002714797371482845,0.000008260083951679483,0.00000478497053446708,0.000004498859096956286,0.000008072575721765532,0.0000022778159110647349,0.000009589643181147772,0.000005219435024492082,0.00000797079651448778,0.000009832243030761634,0.000011333976441684671,0.000014239112173243932,0.000012890229183874668,0.000012446146984213711,0.000010597634823575662,0.000008564247521313279,0.000004095095437707117,0.000009580292584390487,0.000008136187484244882,0.000009252328742261617,0.000010554146983945212,0.00000886212713852418,6.051337034919363e-7,0.00001551127292467144,0.00001327261915451651,0.000008844486880015771,0.000007304664046558519,0.000015678146236169642,0.000006292173128638469,0.000013592939290028567,0.000012942381339107358,0.0000141446960843032,0.000008609866231955042,0.000012017101158646303,0.000012716577341541577,0.000004580756608840675,0.000005872094568079551,0.0000042039148862188428,0.000013621470941373538,0.0000067430725322410479,0.000012084120541866382,0.0000040776720449480138,0.000009496488581268706,0.000009982942223002144,0.000014175027379706332,0.00000906699178024795,0.000002672254586705788,0.000013362292291324592,0.000010292725130402293,0.0000062457459886595338,0.000010589214098269009,0.000011148055389595819,0.000009336522270394631,0.000004696922663389048,0.000007605899176062048,0.000009306981329580544,0.00000664688759900506,0.000008501380459813607,0.000013990453496769244,0.000010537111595545714,0.000013132519370202231,0.000008883821963986419,0.000007900551815307424,0.000012518562262794254,0.000006227421228777214,0.000008437427296609529,0.000007291419130074415,0.000007220967704596688,0.000005495892432489084,0.000005007865576579899,0.000006412646412788673,0.000006456262845578132,0.000010855854031990245,0.0000019729297502355654,0.000017957830502709092,0.000007793770196345569,-0.000001434028738038794,0.000011177979802778636,0.000009676309986793867,0.000015458266432644793,0.000015402860905670624,0.000014400854658248879,0.000013804852944997708,0.00000849347518381539,0.000013512001394244302,0.000004472584601680017,0.000006937108292501685,0.0000071259458553372658,0.00000679749559599094,0.0000070924271521328569,0.000010424610604635812,0.000006757314435602555,0.000003897481259927255,0.000005787370693464277,4.333055353746638e-7,0.0000029124097020211384,-0.0000067993138237346279,-0.0000060230934095706059,-0.000007046813757542258,-0.000015415297625190393,-0.00000919458918176252,-0.00000761749550275703,-0.000005324606138514967,-0.000007147402900698209,-0.000007506942351973056,-0.000009046841319527867,-0.000008227533723370488,-0.000009887053757238075,-0.00001520208578969398,-0.00001417573036391598,-0.00001314414373943135,-0.000017778743957755875,-0.00001708834124089985,-0.000021796580774832044,-0.000019056331988349174,-0.000009112766356370824,-0.000009068799071841241,-0.0000229225980364639,-0.00001228798596927802,-0.000009284271618820236,-0.000014638213071667731,-0.000014893609454023414,-0.000007901024185819201,-0.000017665629392669768,-0.000018173232477792876,-0.000007682887012628367,-0.000008728611354786157,-0.00001624697069467307,-0.000022631042861064857,-0.000016506201745405037,-0.00001896899387799347,-0.000016605339337418673,-0.000015554400652708994,-0.000020066358134575663,-0.000018183202799451577,-0.00001531543483440294,-0.000012103630341384372,-0.000008247374413974243,-0.00002076416652321983,-0.000011898409345813184,-0.000014848212723979388,-0.000005268987222794974,-0.000019703345519362187,-0.00001715266438362241,-0.000019085616348688735,-0.00001148408413647867,-0.000008929520316826942,-0.000019205822533270563,-0.000024177945681646184,-0.00001162072928786114,-0.00002049474465184099,-0.000013404011744983818,-0.000020953021310709193,-0.000012176691623188679,-0.000008639890705511424,-0.00000912086799848602,-0.000009047640319972572,-0.000017962957411286276,-0.000018187649987331638,-0.000015293942808590595,-0.000014287673393068158,-0.00001969263018837052,-0.00002284204586532741,-0.000018232901540675054,-0.000016144799766232444,-0.000006952904094546304,-0.0000034647975625587409,-0.000015738530922754898,-0.000008950412379468151,-0.00001029761489693681,-0.000009140141487996973,-0.000021213529804316824,-0.000023587234749069406,-0.000010732996329743485,-0.000014957878961275919,-0.000010715731534170355,-0.000009090304518297252,-0.000016041023919565335,-0.000020240541767216907,-0.00001784659637636094,-0.000017866683582973282,-0.000018546514140927466,-0.000012287088392670812,-0.000015717271186602165,-0.00001989025239801637,-0.000008615581126776916,-0.000009290966006534353,-0.00000414785202568572,-0.000006205703820552777,-0.000011430363519973903,-0.0000068861380477143,-0.000011050321002845262,-0.000004086900540908415,-0.000008728277848096725,-0.000009708912374433102,-0.000009542584441263695,0.000004394995890975629,0.0000019437578540084918,0.000005469245360351157,0.000003926500718878606,5.047066093969361e-7,-1.7484957764598165e-7,0.000005635934805849642,-0.000002088592164878991,-0.0000030236187445680196,9.325089899979982e-8,-9.339920767285179e-7,5.888525577597306e-7,0.000004187080078253103,0.0000030261022964977375,0.00000561473880720816,-8.057438008440325e-7,-7.984356574535989e-7,0.0000024726279591976495,0.000003663196949927333,-8.179565861094725e-7,-0.000001650645899100455,0.000004422124822230675,0.000005752298734572889,0.000006089055426895855,-0.0000010341149346012352,0.000003106601066733494,0.0000013789216716409816,