{"layerSizes":[100,4,4,4,4,4],"connections":[{"weights":[-3.6671346097277446e-7,0.00012719855698874096,-0.000030561673777238254,0.00004224874097810002,-0.00006941817354842528,-0.00007030435063580695,0.00014458197231338797,-0.00007782587022473542,0.00003298399593931329,-0.000026789786802727697,0.00005641805253266657,0.000001707821177961358,-0.000027825650940227226,0.000038426168417817725,-0.00009471751882201115,-0.000008277610147572952,0.0000785552666730152,-0.0000015645496394671533,-0.00007240859506693029,-0.00009111348836577021,0.00001525264237684811,0.00007090519440612232,0.00007393147724741157,-0.0000939209756492794,0.000026724017614701476,-0.00018637874060008425,0.00004380988890181021,0.000042793150284151905,-0.0001855727586158236,-0.00014672690295463637,-0.00011337228271612065,0.000030479186702793244,-0.000021737958210924657,-3.6461665448909646e-7,0.00003847662211598766,0.00005108478245296886,-0.000059089330201631056,-0.00007074736818849286,-0.00004300802553266484,0.00015741161722005435,-0.00006511960353752883,-0.00004565057356881059,0.00006620296702287023,0.000022455301817328784,-0.000055540455372841804,0.00015914388020104523,0.00017934346092622944,-0.0001138333483498078,-0.0001587928410545943,-0.00002166697535068016,-0.000019591778642228255,0.00008454150244734812,0.00013223738734836923,0.000008875605272398468,0.000047016444800279256,-0.00012598521176585434,-0.00006125528973972625,-0.0000044769033308799569,0.000013172719567723738,-0.00004929139935489947,0.000027225543032458943,-0.00009418684405333608,-0.000018220388375047222,-0.000012598461173195157,-0.00008855953603561728,0.0001524713151768399,0.00008660407858131503,-0.0002003722046865025,0.000025129473945695108,-0.00019445063930715784,-0.00015112876056453908,0.00006529024664491516,-0.0000677421520229355,0.00001888395877347075,-0.00012652776207421236,0.00008944481175985322,-0.00006353080592827587,-0.000028819804327505732,0.00006213495811198905,-0.0001157144519148369,-0.00013101927702420808,0.000060089887416303175,-0.00005636020800618959,-0.00003080536489120988,-0.00008156592850003063,0.000029762736046705658,-0.00003968742259838998,0.0000744051122831312,-0.000052481772648361755,0.0000617594426893289,0.000014532041187187811,0.00003888289321538509,0.000007203045388522439,0.0001633793498514799,-0.00008978936960000998,0.00006256205201891843,-0.00004893557934732791,0.00009803467798776842,0.00008955756629123115,-0.00003060436661875201,-0.00004726362812509509,0.00009372711727263262,0.0000195297396234077,-0.00004990069973151672,-0.00017676145872026343,0.00014142043590261908,0.00008381491990995806,0.000029033042688966296,0.00007392772172753372,-0.00010511005432412226,0.00015664050833251187,0.00016009874309424292,0.00006449706895745174,-0.000003288641013014566,-0.00005359642149486535,-0.000056313790508683504,0.000010753692148881775,-0.00012670303667816288,-0.00005999273938192603,0.00016103313890714302,-0.0000328833703132032,0.000002345032505320921,-0.0001507350440339285,0.00011910863432259254,-0.00005320991866937165,-0.000004249385882381498,0.00005141156751274349,0.00006372510041381393,-0.0001215022769289961,-0.000018933792755860025,0.00003517402316969095,-0.0000380159955703721,-0.00005430169370656197,0.000029510454744961315,0.000020890469199386773,-0.00011838836666412873,0.00018258752280926808,-0.000026636526637812827,-0.00014393704221619892,0.0000551665838733588,0.00008062823273145607,0.00007255205790415904,-0.00008086153898515486,-0.000025634203204786005,-0.00016203150461230946,0.0001337584363435833,-0.00016911722733888086,0.00003077450690121105,0.00011583436037492954,-0.000021702906995616677,-0.00005964588990233014,-0.00012914818430383816,-0.000011274627613841918,-0.000003826514443125903,0.00016208687178199502,0.00004524212660723559,0.000030205468329797594,-0.00004057976969142439,-0.00017065884686968543,-0.00016644546923432109,-0.00006308601179245814,0.00008339184995705557,0.00002708982081086211,-0.00008464446233784357,-0.0000033516318374278208,0.00011285646635065799,0.00009346913084197622,0.00010214999523646247,-0.00006960136876474399,-0.00002636242506065276,0.00016420974315524772,0.0001275783805010618,-0.000058734217284968864,0.00016107915414010192,-0.0001282687140344699,-0.00015323003746613943,-0.0002134352574257489,-0.00002760324122905465,-0.000015011554633978704,-0.00007971884230182261,-0.00004761587011416944,-0.00002950441158440775,0.00004035457004735909,0.000009246324943205048,0.00005332100453564736,-0.000012495369913987887,0.000018683702619786422,-0.000009798964707885614,-0.00015960536512675812,-0.00013231159128323418,-0.00004478449520647252,-0.00013949052748431668,0.00001337103477537232,0.000042998409570615755,0.0001500769853859893,-0.00013404693320773212,-0.00013395680884712422,-0.0000926467135539851,0.00013785239757511185,0.0000981799203982001,-0.000018777013364981857,-0.000045397363700584466,-0.00011492587167661361,-0.000005265358563379899,0.00009732704996745715,-0.00007815249325675369,0.000020585876077861484,0.000005884342495734099,-0.000014840860758379195,0.00007559178657517725,-0.000020355844854541714,0.00007568684428468468,-0.00006453883063775939,-0.00007202323073462249,-0.00007418090899097425,-0.000013764346816988476,-0.00015656324987566145,-0.00009101273369816261,0.0001263057083189656,0.00012029582563719235,-0.000036610097059860485,0.00007029191905022573,0.000055266536337007645,0.00011306686251206094,-0.00001945815593495011,0.0001518045736941125,-0.00012734839026257828,-0.00003857597190088929,-0.0000023041581415093465,0.00007782876090531764,-0.00003881785145406454,-0.0001779912537829907,0.00006332977029246878,-0.00017202116407805535,0.00010756694937607929,-0.000019732326348173915,-0.00016112321359406292,-0.0001486155739359291,-0.00004490429961145058,0.00007504128240865858,-0.00017930654179519625,0.0000897475249889138,-0.00011539029377192781,0.0000250205363658585,0.0000876569404599192,0.00007430245668786673,0.00004523544262275958,-0.0001114818970774442,0.00009513466613380964,0.00010036933570273875,0.000053961423013545776,0.0000035841168814681746,0.00010153401573317742,-0.00001569729469213907,-0.00013021176382614042,-0.00008877556312246393,-0.000019182731946284483,-0.00003669511011675346,0.0000274312409524768,0.00013379031677097436,-0.00003802559198934351,-0.00014765477829743924,-0.000004078201266423375,0.00005202811423643092,-0.000052204970373095215,0.00003544921126127474,0.000014192716992667163,0.0001032445792666403,0.000007440930388612123,-0.00010720985830792688,-0.000027889613556607386,0.00011786204540083343,0.0001018791685330681,-0.000002905853619135427,0.00009466502887239691,-0.00011586330628741359,-0.000037829422701710805,-0.00017281499667663326,0.0000011716248928381326,-0.00004901963163826299,0.00002609379819148927,-0.00007184808935363839,0.000004853829843844176,0.00010340512818949613,-0.000058843791272768254,0.00008664068000346307,-0.00004223184282204484,-0.0001280330449414427,0.000027404584382073843,-0.00004785520905688623,0.00004527511492664501,-0.0000742413062397159,-0.000059056486868775275,-0.00020364765100368515,-0.00015966633780333303,-0.00001900093637865095,0.000026672018065060273,0.00011522059382362601,0.000007919531570962019,-0.00003150566181875724,0.00007443754904041039,0.00005477130334825057,-0.00004432140591700076,0.000018712665260518727,-0.0002560548774430906,0.00007808769412867428,-0.0000012905894624255033,0.00003601083680296733,0.00016869189689270702,-0.00011430471126938225,0.000053471867333694323,0.00001747767269861873,-0.00009415779996611233,0.000016664389794514454,-0.00011825925821167578,0.000027731197544680506,0.00002704146861050835,0.00002010897839614596,0.00007913405185917085,0.00003427007913885763,0.00007654659704316395,-0.00010452272097370242,-0.00014543145523600065,0.000056141430003865424,-0.00005250908880521595,0.00003131224904202322,0.00005675178090697303,-0.000023325829422921168,0.000015562536763555286,0.00006932252097501757,0.00004827051549061392,-0.00003464734381547812,-0.000019507939994714538,0.000010531914209214365,0.00004084583222043583,