{"layerSizes":[100,5,5,5,4],"connections":[{"weights":[-0.000012245501170511313,0.000028988704812862815,0.000007359663330060526,-0.000015614286405722336,0.000005550854971142405,0.000023580462983449096,-0.000058745291856075766,0.0000415457130399432,-0.00002586875229562998,-0.000016075030331505253,0.000017297945241999216,0.0000153892761840068,0.00003269982163693197,-0.000018889869884054076,-0.0000367099053325777,0.000017879709791807882,0.00002029296100890685,-0.0000465429696784039,0.000038536248833707245,0.0000112428221187795,-0.000025546272046186192,-0.000012709280204969651,-0.000024980358640807862,0.00001488815282221074,0.000004417642840123437,0.000023883389978487896,-0.000005684664471179419,0.0000014353664841786292,-0.0000121352538338274,-0.000007182492382058251,-0.000014432422428502216,0.000016585652082733108,-0.000007298423886683202,0.00002175792101696496,-0.000023123987734096095,-0.000020821951556535372,0.000012055478080375275,0.00000248155892795441,-0.000016501866154303578,-0.0000010755630472116859,-0.00002914372338956378,-0.000008746375303705589,-0.000054077724883742736,0.0000023501588830124837,-0.000024996205147599062,0.000027537097171947596,-0.0000026036726618438046,0.000022313400329012756,0.000005440411982800025,0.00002037056552623018,0.000050449358713133956,-0.000002448827927979939,0.00004199471653406601,-0.00004754025069740954,0.00001532011318137986,-0.000028712955724989606,0.00002084265650030452,0.00006210109386999153,0.000010354408649336762,0.00004651909889271959,-0.00000953584312801221,0.000013699093141932864,-0.000014549072727709733,-0.000027367664731443566,0.00003282925546853344,-0.00004176777157669879,0.000004901736626592159,-0.000014957918586477453,-0.000016831201970102937,0.00004336519517666792,0.000029267883754585716,-0.000003825834880116552,0.0000399817835882912,0.000014420475961331743,-0.000022271513427944705,0.000013509030427038514,-0.00002814175934930265,-0.000011956715207190311,-0.000041911891300070376,-0.00004369419031802119,-0.000017735489631314052,-0.000015254618036133318,0.00000591952002344896,0.000044969827813456966,-0.000024490216826816282,-0.000007559599719513971,0.0000026409999947280385,-0.000017769602589169795,-0.00002017824116646919,0.0000938278311963479,0.000021084792106772037,-0.000010184297129562948,-0.000005089848123047928,0.000030589126815058076,-0.00002913191475876805,-0.000039323964021773226,-0.000010855237639817538,0.000008967750460733128,-0.000009123571780236338,-0.000010035366987555248,-0.0012242409366284605,-0.0011858299852574362,-0.0011859487871874314,-0.0011682125229320227,-0.0011589678317503125,-0.001180675902520204,-0.001153467403553491,-0.0012200312217474415,-0.0012186039473754607,-0.001190029216874363,-0.001145468302519039,-0.0017779847883649776,-0.0017408501763962889,-0.00044355086746473684,-0.0023465951520124817,-0.0023631629646791026,-0.002354112033634338,-0.0023488242058576447,-0.0023511832455250186,-0.001175559313262028,-0.0012022255014185035,-0.0023338329563340899,-0.0011948697335559178,-0.0011265981431698119,-0.0023691780499263857,-0.002363289876536544,-0.0011493420656087117,-0.0023430996992585596,-0.002337507764702275,-0.0011895436961998467,-0.0012092668914587249,-0.0023538425080396987,-0.0023668422441092678,-0.0023500342403085709,-0.002308833759598287,-0.0023782721037835165,-0.0023699546410487738,-0.002350800687197841,-0.0023756416048407375,-0.0011394347591256074,-0.0011866628019269325,-0.001187447317076179,-0.0023711870370757609,-0.001162357079880688,-0.0023382309825557615,-0.0011923668505376654,-0.002361693214416128,-0.002341893180563102,-0.002365387714021937,-0.0011925982883964565,-0.0011814333303050247,-0.0023598858154963815,-0.002354735612764586,-0.0011699857261367809,-0.002289080273962811,-0.0023593819799423217,-0.002355327867825551,-0.0011706984413483626,-0.0011827224891927649,-0.0011562092459605433,-0.0011800168663476,-0.0023515082116399475,-0.002340379799315536,-0.002353135278816712,-0.002337801415661118,-0.0023120009053426225,-0.0023489523690246028,-0.002309767813219011,-0.002320093956031555,-0.0011228745419353682,-0.0011472820864040978,-0.0023536765652445985,-0.0011527893950193714,-0.0011832609593054624,-0.0011658605216349646,-0.0023487895690990228,-0.00239154576048155,-0.0011663920650490632,-0.0023505975494201726,-0.0011735001755950868,-0.001156770396172094,-0.0023002668807145939,-0.0023648708611713985,-0.002326355957107128,-0.002309061160649687,-0.0023330475075314137,-0.0023797134796747804,-0.0023734546489486368,-0.0023543635044924909,-0.0011576524995486149,-0.0012042868746390736,-0.001118328002636467,-0.0011389111467781527,-0.001173185282337299,-0.0011684527100424875,-0.0011915112820104378,-0.0011550718770685486,-0.0011856003510031129,-0.0011671437017007722,-0.001164952476072729,-0.000056749996194425496,-0.00002151048720136613,0.000008574860908865287,-0.00004380693540977013,-0.000040833974767806396,0.0000017220743888460666,-0.000011238280522564975,-0.000018237660334446423,0.0000011319785364497326,-0.00003348022038310507,-0.000036247471355507353,-0.00008442959759701717,0.000013421582053069783,0.00004787450265484782,-0.0000719888692473103,-0.00007034703130494154,-0.00009263554259495961,-0.000046513777845225324,-0.00006192934366989473,-0.000016021308801077646,-0.00001525038879165117,-0.00010129996864569234,-0.00003899839631582574,-0.0000581163406545909,-0.00009417406575426755,-0.00005491586473862489,0.0000015287170366123249,-0.000050283590029379324,-0.000056434508444668924,-0.00001644305310322381,-0.000007297245153777799,-0.00008300285503376599,-0.00008045959097271558,-0.00008751263276182641,-0.000042275658914003036,-0.00004785066793321996,-0.00004750170611953672,-0.00010850924055533391,-0.00007185619349483235,-0.00007662570212857146,-0.00003453418105720526,-0.00003658083211597457,-0.00005084266102667152,-0.00003836968817742108,-0.0000848299131760321,-0.000014321966787690955,-0.00008177825025149428,-0.0000736859777920985,-0.000060947664353555734,-0.000033940463419927856,0.00002605140069519074,-0.000058619279155077176,-0.00008703554122763767,-0.000040186630803943745,-0.00006007262786908909,-0.000025522201178880342,-0.00000911437094218789,-0.00001090259062993382,-0.00006780122705240296,-6.333772140272219e-7,-0.00003544821956845745,-0.00003253184561088599,-0.00008729886740605462,-0.00006442910538716475,-0.00011169794507916666,-0.000049172090650777937,-0.000055068653509797,-0.00008916026488401914,-0.00009036013962606652,-0.000008035280097476461,-0.0000423887861125298,-0.00007376794294144834,-0.0000665595497396277,-0.00007416652260245784,-0.00007036201604071861,-0.00004071950220760768,-0.00006819956503073497,-0.00004964978709774222,-0.00004641895513360976,-0.000040091231407205795,-0.00006095653956636615,-0.00010946751871683527,-0.00004745225285048981,-0.0000322313897857997,-0.00004209263392119133,-0.0000562131695084969,-0.00010162256785490239,-0.00007500682189065507,-0.000004209555427722232,-0.000027047954357564998,-0.000053251288056287044,-0.000052636691264717494,-0.00003917926776210645,-0.000020444637364697247,-0.00002444775078997723,-0.000027614252305665178,-0.00005446107502752619,-0.000034966507249830454,0.0000013056874582832738,-0.000013493737578506398,0.00003821146822300264,0.00006320446226259105,-0.000014981487861336998,0.000017752791027885862,-0.000038978977092696004,-0.000019199958810162312,-0.00004142134804140637,-0.00002704018549755257,-0.000004130037719604578,-0.000032652560639813645,0.00003947565856421549,0.0000018828423660975498,0.00003529663890619443,0.000013141327471143201,0.000010891560811431154,0.00001786771004307429,0.000006970630831152579,-0.000001315280398691757,-0.000016821860300292814,-0.0000027581304447711388,0.000016283999153885303,0.0000063929478907230769,-0.000035717514198322475,0.000008092333567166682,-0.00002992833883387788,-0.000016727199753418827,0.000019293546679676337,3.8688936563425365e-7,9.779697324880936e-7,0.00003980080157769241,0.000009861064040796328,-0.000012267685657614258,-0.000056210911432522607,-0.000041412682719524444,