{"layerSizes":[100,5,5,5,4],"connections":[{"weights":[-0.004185908777878001,-0.0047054572017137,-0.0033450364913832299,-0.005408490148716025,-0.003620773145147407,-0.004932115078733998,-0.0038639900895984194,-0.005327714462386215,-0.004178330401606857,-0.004195778490192439,-0.004242735832147655,-0.0007858477010018715,-0.008676624737848889,-0.009504890709244991,-0.0072650241686589588,-0.008792783741599957,-0.010040769469594128,-0.006926277360336025,-0.008276543652452392,-0.004908961300750593,-0.005419367995673516,-0.009452764634534412,-0.006120358888605471,-0.005842949104703841,-0.008053862709159013,-0.00900725778807511,-0.005407443941279345,-0.009924625254256272,-0.00959473343863565,-0.004692439041971678,-0.0032367955569100124,-0.009230377392419692,-0.008327050578749326,-0.008489561890895966,-0.009432259730476648,-0.009889312621129394,-0.009203303541174359,-0.00831844196163599,-0.009902852633547222,-0.004566817573951669,-0.004552223657328097,-0.004366750461788475,-0.009206321343424282,-0.0040524484384835339,-0.010353661850244401,-0.0037145047964052076,-0.009863544388879988,-0.010069091076670476,-0.010280904300005657,-0.002668167982140468,-0.0035001142550969987,-0.008222820140289968,-0.00908045079700447,-0.004381576069296109,-0.008937019507680238,-0.008949083472423528,-0.009083233937296104,-0.0038049233035926416,-0.00542699878765965,-0.0037030378253075518,-0.005215986175579704,-0.009813930309538666,-0.008944257556373037,-0.009876236653422887,-0.007576435811985866,-0.008844529154098316,-0.008277572411261134,-0.008892491041713814,-0.008844894188866144,-0.004287246809524528,-0.004413199046408273,-0.008893544843359903,-0.0034807264407246444,-0.004974608247763289,-0.00453408766156806,-0.008685189833060707,-0.008438556955131304,-0.0038973376742778029,-0.009249582605664202,-0.003922042886034022,-0.006278072347564679,-0.008688277367179535,-0.007863376086712717,-0.009360598056815823,-0.008623471885345607,-0.008217744280456529,-0.010173700713252474,-0.009191980364778993,-0.00871464253203593,-0.0036589079364626397,-0.004923842866536582,-0.004388697434795528,-0.004143841981987133,-0.004601848008608158,-0.005586080348807023,-0.004531259937821693,-0.004583259387206995,-0.005075917784547922,-0.0034689107347603647,-0.004504781669304791,-0.0998774896860529,-0.09909050695112691,-0.09912902973539172,-0.09945623449077693,-0.09832019637392288,-0.1000122014595842,-0.09929043185080708,-0.0994994032247218,-0.09799933191102944,-0.09834084333307794,-0.1008332140961762,-0.045140973340239847,-0.14544608295984796,-0.1980422625502556,-0.1995353020267354,-0.19915974569316714,-0.1984085196939409,-0.1984456906328614,-0.1984448986338443,-0.10036808360051253,-0.09892949361523895,-0.20027807556850064,-0.09990903789831735,-0.09964755421868107,-0.19918947386318315,-0.19866276700034503,-0.0996936578137785,-0.19848993318525677,-0.1998010929195373,-0.10051604856709586,-0.09996849390876403,-0.1987162427655823,-0.19860580004251078,-0.19806258817498238,-0.19843166961316287,-0.1980742026007507,-0.1991699656756808,-0.19813509130378083,-0.19811472319276944,-0.09995572595764005,-0.09899760835385031,-0.10000387828227525,-0.1996951042877058,-0.09840820458864642,-0.19812914081834713,-0.0998859681041613,-0.19864537698099628,-0.19836515221510749,-0.19928541667118666,-0.09936190774395748,-0.09895735949759033,-0.19920899458418174,-0.20078877530297274,-0.09943959570924627,-0.1971972823310337,-0.19995002009465202,-0.19901250749802044,-0.09933907093369045,-0.09975024837277448,-0.09899836310634477,-0.09911407774884432,-0.19870172878687637,-0.19993560658979835,-0.20116536764427005,-0.19906216722578663,-0.19887342600716055,-0.19878672377117405,-0.1979572540311174,-0.1996571091836576,-0.10046805601231061,-0.09886130810276306,-0.19872923234408702,-0.09970143526354948,-0.09916080552358692,-0.09814404753374186,-0.20027333047246355,-0.19841752838712865,-0.0974430684700254,-0.1985247585798273,-0.10043390823714832,-0.09908087159978815,-0.20001160037202576,-0.1983106381373796,-0.19810253449911306,-0.19870154446033479,-0.19948545113012268,-0.19864200163874558,-0.19894073041078665,-0.19759182037989676,-0.09888509509047593,-0.09923931362865088,-0.0985884551601155,-0.10053862226956434,-0.09885119861018273,-0.09951947890643835,-0.09840653387808114,-0.09769882020575595,-0.09960049887026248,-0.0997737933801325,-0.09947756564020141,0.0001417670544407631,-0.0002665129536696658,-0.0010395940950507167,-0.0007514404611924389,0.0000013250529524959254,-0.00006026169635597154,-0.00040700755395376716,-0.0003485922831535393,0.00017804641401892343,-0.0012007849210672684,-0.0006120811067947675,0.0014845923520288309,0.0003047429241845091,0.000018696241617954087,0.000966634242313626,3.992544566582953e-7,0.0016819497567591915,0.0016507160794495282,0.0015843403740557038,-0.00008231798668119266,0.000012375921784739182,-0.0003742380664327834,-0.0008752268721218981,-0.001121801148697792,-0.0002766478487328778,-0.0003874430669163309,-0.0014894348381725874,-0.0004896679050638378,-8.575451316876979e-7,-0.000339451996277395,0.001506371068421321,0.00008416761731540349,0.0000663088606604009,0.00024692378240453344,-0.000971838577724427,-0.0004054739166933415,-0.0010366695799671794,-0.0007855824268026261,-0.0006241613806248416,0.0004270560917658956,0.000437086757459177,0.0004533132127623715,-0.000040979842390146694,-0.0006411538620868082,-0.0006212287811511281,-0.0002509325400763989,-0.0011714326788289237,-0.00045435175383687517,-0.0014674516590739548,0.0011086446391113717,-0.0005939887396179895,0.0012374765406292224,0.0006562272736438682,-0.0009636672360890472,-0.0005517764453178356,-0.00004766682117637962,0.0001656733067653239,0.00009407001608703181,0.0005356027116120961,0.00040321695159287576,0.0007153836257596907,-0.00007972205209919783,-0.0009289664919394228,0.0006659416681738012,0.00011674664612328164,0.0006465151157768841,-0.000050068501600392436,-0.00030653007204019776,0.0002008133042775488,-0.000977674069728443,0.00022488113280934384,0.0012215886526550455,0.00023545708704421144,-0.0006400140946648406,-0.0003684015546008448,0.0012558093114034635,0.00019212250282223312,0.0009434527603322757,-0.00043581531033020136,-0.0001197149198333138,-0.0006412571390999437,-0.0006643360788932018,-0.0013995597120843138,0.00028213972334114446,-0.0002453915718686353,-0.0005401645624398929,-0.0002538869069414315,-0.001312473999803858,-0.0005031168889015287,0.0004709223302641777,0.0018861978562978754,-0.0016249049717414436,-0.00010385244554077309,0.0008627459134451972,0.0007444663225946569,0.0004645092949443653,0.0003150122706953711,-0.0005270067275338244,-0.00008079979040187723,-0.00023357632132246176,-0.002624155830775932,-0.003778053025481413,-0.0025195835379233178,-0.003187524395808238,-0.0015957995552212499,-0.0035608729928206285,-0.002222839794878344,-0.003616060153795712,-0.001933536989329083,-0.002483072222585739,-0.0016785111627619205,-0.0011807887106789074,-0.005944868837280982,-0.004546128637611607,-0.005853145567490187,-0.0040769661746906569,-0.006102972549391696,-0.003477856503190324,-0.005947411354468704,-0.002431718040367514,-0.002169193567423103,-0.005701356103015513,-0.002461545081244791,-0.0017930381434411087,-0.00506122664193032,-0.005550430790699363,-0.002314078184878242,-0.004681144012523491,-0.004614536952490899,-0.00299287615426163,-0.0017942061200508166,-0.005978491570987191,-0.005181393684443167,-0.005357504811265556,-0.0056073290382927,-0.005206978501399924,-0.004414190213853624,-0.004766989382950002,-0.006542009431720125,-0.0035024037714731497,-0.002839523756040843,-0.003874805937573247,-0.0046429255113294,-0.004032641593367783,-0.004654931676898654,-0.0032144023541324396,-0.005783795721485105,-0.0048589122257678839,-0.006196452376762974,-0.0031559798478013958,-0.0024812242140517025,-0.00614318157453141,-0.005776663277715822,-0.002546776923119281,-0.0060078625388172109,-0.00538451044080738,-0.005705307146098404,-0.0019160573029355769,-0.002542681718063341,-0.0026668654272205924,-0.0030239980744275367,-0.005809059664177131,