{"layerSizes":[100,5,5,5,4],"connections":[{"weights":[-0.000002146894458394121,-0.000008232438432654546,-0.0000031340114655368115,-6.848739740458965e-7,0.000014759515355923311,0.000008218413392994896,-0.0000032964000954123069,0.0000074404419534005978,0.000003950292466386601,-0.000008704286293084761,0.0000020096267262505038,-0.000007564088268228062,0.000003208112671298461,-3.57954125732488e-7,-0.0000072510517200846538,0.0000023196499230187955,0.000007670510344821952,-0.000004229184228342181,0.000009347380624012296,-0.00000841280431249677,-0.000010423627533304776,0.0000031356278204343305,-0.0000029686857016515415,0.000004043850951617017,-0.000004839729692593267,0.000011656966718068163,0.000010232338832842153,-4.168563834683016e-7,0.000008424554013488905,-0.000003778889753853898,0.0000021823149905652924,-0.00001336918901007705,-0.000008801486877300488,-0.00000559392084984525,0.00000857117230688422,7.91458818734834e-7,0.000005518204793133733,-0.000008931958127476345,-0.000010303882102223425,0.0000047318432673617339,-0.0000012130589279415458,0.000008059513728325117,-0.000006807361331264866,-0.000005450594988338532,0.000008312784094000285,-0.000008363269446010535,0.000014378192668700166,0.000008668478699824032,-0.000005406498375064357,-0.000001705209284335588,-2.980124237163695e-7,0.0000014426128639151062,-0.000005089572196563609,-0.0000054750428068722179,-0.000006405599951132797,-0.000001758918765256771,0.0000033277131096860015,0.000007675667806714338,0.000013448748842964042,0.0000013140763453955252,-0.000005554975960753614,-2.912436604823014e-7,-0.0000017004118945889518,-0.0000019350273215911356,-0.000006407533930097613,0.000011555421456450718,-0.00002164206207985406,0.000008629887686989544,-0.000002256996243104046,0.000007375613079349415,0.000005208992399992036,-0.0000032153370582444449,-0.000002688588952111447,-0.000003768478399362699,-0.000005429243151435715,-8.520712254053046e-7,-7.241738330867648e-7,-0.000006621476191928878,-0.0000020465352693578429,-0.0000071207696433049879,-0.000002441869750390623,0.000003587853098610129,-0.000010038819191407953,-0.0000032939890662660859,-0.000005773598011165485,0.00000459654731260196,6.734193246395985e-7,0.000004683577203559982,-0.0000033420136196432589,-3.6357299946665826e-7,-0.0000012839124593926897,0.000004245726535539648,0.00000514189633094953,-3.686040165680698e-7,-0.000011388518588912815,0.0000030505045867784168,0.0000019437271469014356,-0.000010398815152201132,-0.000006577520116447748,0.000009335431586499996,-5.222245370339525e-7,0.0000024872207596532075,0.000017084055876969976,0.0000040177357266211769,-0.000009622114247619756,-0.000002738053762266089,-0.00000392345458873838,-0.000006073247909949704,-0.000006383793891695075,-0.000003911445607686054,-0.0000062820317236476088,0.0000012858171892221357,-0.000006286631113266771,-0.0000021944945786842,0.000015592478009302702,0.000008686713044366136,0.0000031723193075371876,-0.0000010295847058698027,0.0000030788858871221906,0.000001278912905343368,0.00001046184429435609,0.000006024359693468116,-0.00000697278443500625,-0.0000038508202920317598,0.0000028460515674740467,0.000002128719611181471,0.000011628415297024752,-0.000008944240652982098,-0.00000920314055118841,-0.000005300374257917076,-0.000014437312488248352,-0.0000011176337978527013,0.000012209553719902713,9.913282556243458e-7,0.0000021652351531839384,0.0000014754096045748762,-0.00000557959032698474,-0.0000023208976275504217,-0.000006116824150918894,0.0000035248474808871058,-0.000010700872573353559,0.0000016371885824731908,-0.0000012749905449619799,3.3165735388422e-7,0.0000019074482841072455,-0.00000863286819416911,-0.000009978221568096132,-6.620377414954786e-7,-0.000002880052823074652,8.178645439972874e-7,-0.000003919729875988304,-0.000008426032595334816,0.000006518577297130857,-0.000006324364100780155,-0.0000015681777791092443,-0.000010612796244404484,-0.0000040276726394751519,-0.000008182450358657304,-0.0000022302537421037216,-0.000009012633672250608,-2.608978412666203e-7,-0.000004282524137857941,-0.000004486064517749504,-5.015792963202523e-7,-0.000002286897882915281,-0.0000020416853262988539,-0.0000025644776341082486,0.000003413006350933193,0.000007257213233410019,0.000008716510526389766,2.8105791643953088e-7,-0.0000011380470140943504,-0.000013092289099952815,-0.000004028122304547084,-0.000001543026253232021,-0.00000977244662265719,0.0000017635652029314952,0.000003009176431963712,5.894684678420195e-7,0.0000067983624605548999,0.000005301282009275388,-0.000006332761834270799,-0.0000016488358358016548,0.0000038835971180736629,-0.000006347709060632611,-0.000009600526879279858,-0.000005970113231004661,0.0000031485207038310778,0.0000013802205359779909,-0.0000034326695343274995,0.00000775192878559767,-0.000003321426057865163,-0.000006400867473082786,-0.000007817796994908241,-0.0000041090322088989199,-0.0000015465022382534668,0.000004125476643252953,0.000010007383403487369,0.0000055495903079038589,-0.0000023312577797935865,-0.00002975613483587149,-0.0000460435055731951,-0.00003598382945919298,-0.000029738395273858667,-0.000037026519348606,-0.000027653357771885215,-0.00003339666934693397,-0.000040784566156702535,-0.000025415503118736942,-0.00003511696659762099,-0.000027286137326779823,-0.000005299965152720674,-0.00006445869267330683,-0.0000728377755930956,-0.00006270578382335964,-0.00007710399559667804,-0.00005283445795793456,-0.00008417970370380686,-0.00006511561747823586,-0.000028871536615667102,-0.000038819361843150903,-0.000058635195482105055,-0.000032763576721121825,-0.0000226703360953724,-0.00007406331518476262,-0.00007009768650971365,-0.00003365041550032167,-0.00007684488710076013,-0.00007145885325355145,-0.00003078096653927209,-0.000028928210427218312,-0.00007495399670607077,-0.000057961650186540935,-0.00007639421873112624,-0.00006835098999773523,-0.00006814344297541666,-0.000057763541451757015,-0.00006937000436499083,-0.00006833980494877419,-0.00003419895291463887,-0.00003030705624402387,-0.00003544030323385461,-0.00006880327350703042,-0.00003148381020463034,-0.00007886640981450328,-0.000038229546061918274,-0.00007707979125818662,-0.00007529972019376553,-0.00007338961242859364,-0.00003202754907919968,-0.0000321644222271385,-0.00005790637425787382,-0.00007456585136423072,-0.000027516037190402978,-0.0000671402878078625,-0.00006784159632477246,-0.000059531862193628284,-0.00003857092517716837,-0.000026547062946871045,-0.00004406560803670707,-0.000034704571920493154,-0.00006910742391109861,-0.00007116753971793052,-0.00007164031468864678,-0.00006793966273024495,-0.0000710606064227991,-0.000058256145209568185,-0.0000688948925366526,-0.0000650115209227445,-0.000027767811146401556,-0.000043489804945224695,-0.00007655952085764846,-0.000014792306136184206,-0.00003764301070898276,-0.000036325288496954816,-0.00006129426364202909,-0.00007927453422986297,-0.000043439284447306396,-0.00006593761669220727,-0.000034221258302598416,-0.000028760104556993007,-0.00006195939077327858,-0.0000658649354150353,-0.00006934289293087471,-0.00008843659840602695,-0.00007022894889354232,-0.00007312026680791013,-0.00005933565375110158,-0.00007316305707856517,-0.000024336711152009763,-0.00004101367007528596,-0.000028090294203125112,-0.00003092931786790718,-0.00003666715426963549,-0.00003970659047398371,-0.00003611851971833403,-0.000032923900688535314,-0.00004164920855249108,-0.00004200343934548542,-0.000030146020648771,0.000003417221239172547,0.000005005832278585749,0.000005160569532197912,-0.000005975950825201079,-0.000011664163899743557,-0.000004586677671414526,0.00000480506968634434,0.00000402348746970956,-0.000007174844456748556,0.0000024389788234289446,0.0000026975138889112229,-0.000006789391925886084,4.285615461222791e-7,0.00000824252359114153,0.000005998362284551309,-0.000005122421702380744,-0.0000021245998116755875,-0.000005725806494786957,-0.000009694906810665314,0.000008188241397394173,-0.000001450755039951236,-1.1687994582563347e-8,-0.000006144282618217782,3.389835956542008e-7,-0.000011496355249227936,0.000001015415646058259,