{"layerSizes":[100,5,5,5,4],"connections":[{"weights":[-0.00019748784893636615,-0.0001224274825379717,0.00023976796215652985,0.0002338803714326405,-0.00016165818546073045,0.000046030863231740414,0.0000045603679772962058,-0.000059097123363428536,0.000020647128314136718,0.00004439118064445259,0.000171606774250812,-0.00015886943628567053,-0.0002174371749389004,-0.000015899049615986234,-0.00014273486427486388,0.00003428727491076875,-0.00008451811665622792,0.00016525920841964592,-0.00011569945456526093,0.000041538207592921546,-0.00008532069008542475,0.00013721775857486744,-0.00016986520819200682,-0.00017036958735012722,0.00007115487947776651,-0.00008146634456165965,0.0001495126332245506,0.00014569700713140324,-0.00015547009697355045,-0.00010629986727868929,0.00019427330316956344,0.00021376416549847172,-0.00013511403019856054,0.0000019398089844827675,0.00014117387127303074,0.00013497714870337155,9.424926900883459e-7,-0.00010856719751357935,-0.000016745870693877606,-0.0002127717759646902,-0.00011007278203067322,-0.0001204138138302009,-0.00014745105776285992,0.00010341027989031108,0.000009605043178352643,0.00009737171073685305,0.00004429641129425995,0.00038163404327959464,-0.00021722484204486704,0.00005781921412503118,0.00010628271073144592,-0.0002294634624053871,0.00012178582274884267,0.00003635274654648307,0.00003350921829691833,0.00017240574251716487,0.00018265471788544605,0.00009828294626388834,0.00022565983535303828,0.00016644299571923345,0.00012371651107098494,-0.00025013643384226466,-0.00017883890979706888,0.0002532499678860005,0.000006272695169792413,0.0001263896009142588,-0.00008563790257155095,-0.00003354963546365796,0.00023157759288549003,-0.000010549490200011898,-0.0002308592681399458,-0.00016722733281665373,-0.000019031108384735873,0.00013203504264235695,0.00003327198082433376,0.000027816116949338095,-0.00013856921702387465,0.00003927974098699659,-0.000038280683146468843,0.00015343444883267964,-0.00008009479565771992,-0.0002798972356477504,-0.00024117780437040375,0.00018699483648187197,0.00004308903937880842,0.000061260046463721,-7.410673413285371e-7,-0.0004031180812431783,-0.00009461315123448007,-0.00016693736747173306,0.000042883165156134404,-0.0002943139773710862,-0.00010217303224219638,-0.00012782847347239776,0.000049153101297068595,-0.00012560026253027016,0.00014228650953298158,-0.00006841522668385914,-0.00004656771693089008,-0.00018732267767566246,-0.001407462065054377,-0.0013869341352224722,-0.0015619442546363245,-0.0016987429767178469,-0.001291761869493505,-0.0013499309881622733,-0.0012446630918250617,-0.0014332347878092162,-0.0016249779321151034,-0.0011881440858978513,-0.0014403987826585113,-0.002226947726691194,-0.0019559740505364308,-0.000482020493820663,-0.002981105442645967,-0.002862437012927989,-0.0027918002862977197,-0.0027242684636429018,-0.003151227876044366,-0.0013786687093722713,-0.0012874443020243192,-0.0029929488934799526,-0.0014915323847326369,-0.001448482339932226,-0.0026504791672684634,-0.0025345076564819498,-0.0014033236462140532,-0.0029205006361161126,-0.0028812161895566195,-0.0014840354150580378,-0.0013949221392485895,-0.0028587178215385949,-0.0031432232799412007,-0.0027471112024044705,-0.0028750521604613114,-0.0027978683711458774,-0.002861068089008071,-0.0029451015362896109,-0.003001345276708423,-0.0013851817669598207,-0.0013607386740329985,-0.0014770662142600739,-0.00276953281115552,-0.0015499116961693203,-0.002969544583152722,-0.0014298689518614208,-0.00260751524585028,-0.0028278548775144405,-0.0030351095167746599,-0.0015853512128634377,-0.0015534526234837747,-0.002907877343870424,-0.002692436869672712,-0.0015488826432604193,-0.0027312995049231134,-0.0030064104082141026,-0.0029327257183605047,-0.0013288616138581538,-0.0012455482404390834,-0.0015621901992243478,-0.001563109462223988,-0.003076371889976621,-0.002653838004872418,-0.0031949095826978295,-0.0027304773438652835,-0.002766178071570427,-0.0029481259845051245,-0.002682046114647525,-0.002948217801817503,-0.0016426028521238116,-0.0012913946593008535,-0.002899407950972812,-0.0012837805766580128,-0.0014815198646984712,-0.0014499479615277635,-0.002988771108613904,-0.0026984651524850757,-0.0016466120186834162,-0.0032459944298119348,-0.0016698195490074157,-0.0013556367997140267,-0.0032555384741502957,-0.00275607200233643,-0.0028091817389399675,-0.002857042150508489,-0.0028208522671949525,-0.002910697780919335,-0.0029186053477053229,-0.0029602824201639536,-0.001298046893978486,-0.0015575914373393149,-0.0015726592032730514,-0.0013057754773512494,-0.0014248448231049657,-0.0012337626481972156,-0.0018215172574481854,-0.001279794437667287,-0.0015535574402677393,-0.0014741115352236575,-0.0014278964988494253,-0.00008525549769479408,0.00001028322705931213,0.00001176971470465605,-0.00012022020777771872,0.0001124869118765665,-0.000034393945809117265,0.00018341002124819464,-0.00009807022132091414,-0.0001764774659553138,0.00010966622846921883,-0.000035761770454155944,0.00018055045187829726,0.00018993569821076377,0.00005749349882896181,-0.00003438092011913694,0.00012833552969296254,0.00013714379558055328,0.00018640214588005788,0.000029522422501205242,-0.0002634602840464855,-0.00013977542876137747,-0.00016760491458497166,-0.00022898116390490048,-0.00015839305081368388,-0.00009036841737946625,-0.00030811281090826787,0.00008057619573372757,0.00019392737731031888,0.00009538205374334035,-0.00013108020378748341,0.00007935448521326341,0.00009110565738711371,0.00007947805478234652,0.000020310930377792044,0.00007577048042755145,-0.00006586657553287952,-0.0000900825773364073,-0.0000013188542432470032,0.00026344398974914156,-0.000050382105804809006,-0.00009725634838603181,-0.00008042040611769128,0.00021861946302471143,-0.00032890947711781114,-0.00007566670059788016,0.000032380627013013096,-0.00023698279238814162,-0.00029775657025534093,-0.00010736573575018563,0.00005529723248440728,0.00005269925480301982,-0.0001845003769383606,-0.0001772722995003633,-0.00020228440929944948,0.00012109868833126411,0.000008324253199376998,0.00006385654642440978,0.00005000710631982445,0.00005161502005282001,-0.00009342254071425668,-0.000020054936168125295,0.00012084286473353699,0.0004011172276631394,-0.00007972398857551792,0.00007027645571895356,-0.00036572428672020514,-0.000016986387742729153,-0.00003967231934258517,0.00002543558655721937,0.00016547880331946644,-0.00004450940786292649,-0.00008468561179724644,-0.00017538865227449967,0.00004645632040563898,0.000051882385260123976,-0.00024283333608462817,0.00012678073812372667,-0.00010260161236072581,0.00017337444506699924,-0.00019863032428583637,-0.00039477540158356484,-0.0001057814502339738,-0.0003523712230291206,0.00011876093665189428,0.00006292565657269252,0.00018450204094097667,-0.00008917097686494897,0.00014221240530192807,0.00017836450676188924,-0.00011976180675314338,-0.00022715044426848075,-0.000017713277791613397,-0.000024164852523792864,0.00021520895638239582,0.00020600856929315226,-0.00013166240028814245,-0.0000017228705285523969,-0.00004206936933941274,-0.000036875692373310115,0.00015884614509521232,0.00010215158693392382,-0.00016364102008286803,0.000040858665846593235,-0.00008662852073539356,-0.00014679411267554392,-0.0002460947606089159,0.00016380139392685206,-0.00012172026954100384,-0.00006892462189352952,-0.0001653690667495774,-0.0002697299536043413,-0.000057595817497030167,0.00005582923479119049,0.00017677666343077913,0.00003839838534949041,0.000189566004029103,-0.000012558573213862871,-0.000048140053477356024,-0.00008780733864223122,0.00002615353515357626,0.000004222678319097283,0.00011734837630829198,0.00007797682088168378,0.0000395473590100001,0.00009036549775857677,-0.0000792429440077908,0.00006733199101650692,-0.0000903142817591325,0.000048272869489283105,-0.00010526940129430665,0.00033284982663620027,0.00008016273120960642,0.00025520331188133035,-0.000016704101935039383,0.0001456821980012989,0.0000926192545848319,-0.000047719896020611225,-0.00011642432836173641,0.00006491822257641896,0.00007225756014619478,0.00018801101798259545,