{"layerSizes":[100,4,4,4,4,4],"connections":[{"weights":[-0.000001523613896264909,-0.000008467428461811702,0.000004642330838617869,-0.000003428829812941118,-0.000011377142874800195,-0.000005989851532318855,0.0000058838723388287229,-0.000019879497672526976,0.0000033281341681733529,-0.000006556677404549675,0.000007873705937740463,0.000015831381620404376,0.0000024717806436443987,0.00002623413398197572,-0.000012352358865358848,-0.000008432383340845002,-0.00001558962517940593,-0.000012035289324314177,0.000007107775579635691,0.000005751991845512294,-0.000006212761877647582,0.000018583719302977903,0.0000027087038618889857,0.000004297470251155561,0.0000046349515546779849,-0.000008972197202801438,-0.000004664152486019377,-0.000025427384662619874,-0.000016667270381407694,0.000022807663441663,-0.000012124043064894932,-0.00000774599099819881,0.000003841293243839544,0.0000025853881763881909,-0.00000875251077555745,0.000006878162851308871,0.000009019548558248477,0.000009810156609767927,0.000004462664884468199,-0.000016602637466546517,0.000003878988903080795,-0.000011301742032331053,0.0000020314418657707166,1.863765087756601e-7,2.530299638262242e-7,0.0000022436742937746377,-0.00000218285386684079,-0.000008051969744926,-0.000011794997192251791,-3.7728998956235327e-7,-0.0000031685049424742367,0.000006608275012813221,-0.000014007786344286818,-5.429118102983794e-7,0.0000038638825329920319,0.000007067788275770624,-0.000012687742424500877,-0.00000926024582048991,2.820229745567005e-7,0.000003799104476198263,-0.00001202424801003361,0.000003383828949800009,-0.000022098720513580217,0.000011691478235791134,0.000015426515689859,-0.000006194166730182615,-0.000014647391175219402,-0.0000022518359064588025,-0.0000037835284881809754,8.684219924980818e-7,0.000002045766334350429,-9.286543772398664e-7,-0.000012714140201267355,-0.00000490596593675234,-0.0000041046392140740638,-0.000008835560242749446,0.000002010697892506375,0.000011168997159403684,-0.0000027712652082738997,-0.00001623274169549256,0.000008694924944607063,0.000007687942060909194,-0.000004813417737086895,0.00000390724734550331,0.000007881877011777885,0.00001612016799604101,-2.038596878943373e-8,0.000009856432151690933,-0.000007079720722000667,-0.0000020648079305016354,-0.000008204422515446625,0.000009951588206073497,0.000005252551409471804,0.000011725970581616175,0.0000022901832833933345,-0.0000037438120159532385,0.000008347145342020064,0.0000064918276850106219,0.000007061266904141675,-9.108456774256487e-7,0.000007588076134353409,-0.0000051207938541795308,-0.000012906653286696132,0.000002308174035954753,-0.000009552028200561673,0.000009830687886632195,-0.000004859310823567405,-4.1063307923597e-7,-0.000009597054523288651,-0.000007953816353997836,2.043769070305156e-7,-0.0000021278930627331335,-0.000005484764307242801,-0.000011656933335020645,-0.000011940046599785878,-0.000008639128688405538,7.882480902675888e-7,-0.0000053193660519291328,0.000005029762315216289,-0.000006344618243992906,4.730384968329197e-7,-0.000015273814735454243,0.000006916945824108584,0.0000019161822696122075,-0.000008387145888955106,0.0000010469440301433398,0.0000030090354403293775,-0.000009043462825355338,-0.000005611720076797505,-0.000007829445809600933,0.0000029680432006580628,-0.000004289500870932903,-0.000018433469091843312,0.000008221805912273288,-2.8035021856349778e-7,-0.000013809725767755348,-0.000002256915997305177,-0.000007480267134944198,-0.00001476928292035889,0.000026589243653489524,6.940970851718205e-7,0.000002512742902438319,-9.089860944311623e-7,3.6925563848839659e-7,-0.000012880071957597875,-0.000002834096087990307,0.000004935065519488904,-0.00000709116201160545,0.000002069098545164338,0.000009280539007799715,-0.0000011775641517701809,-0.000007846851572900575,0.000005662746185420437,0.000010785865969475872,7.208802919055934e-8,-0.00002132628175561101,-0.00001740539895031652,3.4591206250955008e-7,0.000012536491624459655,0.000009522106712931883,-0.000001983165607507596,-0.000013281802737051253,0.000007955032283581344,-3.006061594960347e-7,-0.00002172307781314808,-0.000005524291089177605,-0.0000025464399030313445,0.000010967272422956621,0.000010369943554686247,0.000007725910683416032,-4.2379493678257495e-7,-0.0000028974661472983399,-0.000006790616816922739,2.1477614926637869e-7,0.000007417608526509223,-0.000012701730552100557,-0.000010678127872897057,-0.000009852224638024231,0.0000022260766739412657,-0.000006460561143333837,-0.00000789827217505011,-0.00000715414270255774,0.0000012459561380955345,-0.000007344613303669793,-0.000011731523937691647,-0.000009208810878032672,-0.000014165101252671846,0.000013698592026178655,-0.000016144265271880627,0.000023576154832021755,0.000022171521434508515,-0.000002729332322845965,0.000019902298221382857,-0.000012511098058252755,-0.000007175393681000768,0.0000016152984197188033,-0.0000021313485783048139,-0.000003721787593826789,-0.000006429382699617724,-0.000011333841563113082,-0.0000031490512128634788,-0.000004149120021050427,0.000013715303551527478,-0.0000018037799475677988,0.0000010782264235105739,0.000002504790392227255,0.0000066735469595056548,0.000005013217743176157,-0.000011253731550156727,0.000002620310612594433,0.000012373253606821107,0.00001041435109454392,-0.0000050687522764804829,0.0000025344498100620774,0.000010586620403983864,-9.914542383840695e-7,-0.0000015141543078573329,-0.000010093405560906628,0.0000063427040958188148,0.00002557090453512557,0.000012180822887085463,-0.000016922312250806864,0.000014789283274577137,-0.000005634716051781573,-0.0000013933378838718229,0.0000032864737424260557,-0.000009595512818289346,0.000005349092971986655,-0.0000016581003568459967,-0.000002462398039883544,-0.000001150681393530838,-0.000018971818479722127,-0.000012027108152117765,0.0000010870639881077648,0.0000029382053142799125,1.7719159647538873e-7,-0.000006567321875437556,0.000001294608132245202,0.000004007959203946091,-0.000002849941684367642,8.092904391441527e-7,0.000009043322390605297,0.000006010155310600973,-0.000004556866350600872,-0.000015864951002645884,-0.000015195911305436603,-0.0000034880003085089795,-0.0000024280820329337114,-0.000014225308039355508,-0.000009609321288958992,0.000012930435015905617,0.000008800327327452646,0.0000047580383141528668,0.0000025133295197663928,0.0000041872521159977278,7.831885233304192e-7,-0.0000035154390264773614,0.000003647125689246994,-6.131947994161749e-7,8.473699525275999e-8,-0.00002013267088671963,-0.00000899640484208071,0.000007742188654058133,3.7462509577185907e-7,-0.000005995566465569224,-6.264734143661231e-7,-0.000010252360058785538,0.0000023258374466706054,0.000004949094941990853,-1.8498227589489625e-7,0.0000012521073344519173,0.000004530066866028714,0.00000997765694633395,-0.000006714370727062179,-0.000008910032134588397,0.0000019281000730436168,0.0000023645497332065198,0.000008640221820874062,0.000010175799233028942,0.000008510378183232021,-0.000004392242044233579,-0.000028102349690242335,-0.000002898717197481784,-8.65623771968505e-7,0.000018831793494415245,-0.000007984293647066126,0.000012264958637030578,-0.000001240275088719672,-0.000018740089554779554,-0.000001274413635820861,0.000006294108727922526,-0.0000040454355343748808,-0.000005078107440908731,-0.000005370270653815435,-0.000012125203457051437,-0.0000105127078211177,0.000004903832609514316,0.00001792652763030469,0.000006634872137008959,0.000009567385894794018,-0.000018107313714045303,-0.00001491281347219263,-0.00000469839279239638,-0.0000055660579985327,0.000010868958073964429,0.0000014581388915923624,-0.000009822938803642342,-0.0000028819607817226476,-0.000007897413820360934,-0.000010865444968480336,-0.000015604238047411672,-0.000006649673095703453,-0.0000035833232301939837,-0.0000030109432371609774,-0.000005730365391501434,0.0000010559604771563363,0.000012231728528928004,-0.000006902373304965657,0.0000020316405335155626,-0.000007243144718253447,-0.0000054976727716794498,-8.143114357327276e-7,-0.000006974639947854146,0.0000064116852909876278,-0.000015121085954068492,0.0000034060510137963504,