{"layerSizes":[100,4,4,4,4,4],"connections":[{"weights":[-0.000036513620095643556,-0.00004753646259813688,-0.000029385864551262914,-0.000037797966761375046,-0.00002846326722359161,-0.00004147988611204357,-0.000028074659410183977,-0.00006619414669085357,-0.00006252599679471254,-0.000056714620054457804,-0.00003753894092152807,-0.00007383865277066844,-0.00004348295543253755,-0.00006008733180359713,-0.00009077228318338679,-0.00007865866065741632,-0.00009134160511698441,-0.00009437531290733624,-0.00011963510850272023,-0.00002463726496757912,-0.00005156733045908821,-0.0000672338206178644,-0.00003219750804529199,-0.00005115421486280353,-0.0000942858524568162,-0.000085003369363743,-0.000028175450066594853,-0.00010291432056813116,-0.00009060823038399175,-0.00003423779015878402,-0.00003914349699446816,-0.0000876825031820946,-0.00007097132839555329,-0.00008791158513508449,-0.00006842062168093137,-0.00009237885908865026,-0.00010285919102182759,-0.00009398483407951429,-0.00007850433370803304,-0.00003397308262996909,-0.0000603554201973986,-0.00006728913307217204,-0.00007163144392301406,-0.00003084779724790541,-0.0000782602012185483,-0.00003619656942888394,-0.00009540377808705402,-0.00008255320254434473,-0.00009321710107016442,-0.000044646549067699184,-0.00008445270690094561,-0.00006565254898397802,-0.00008362553793437632,-0.00004559333863314561,-0.00012938053314879002,-0.00009146592658238807,-0.00010325729112564959,-0.0000640455004087815,-0.000051647129705173,-0.00007107178954610983,-0.000025393251691915562,-0.00006455878131075308,-0.00009378155982105632,-0.00008030151508952784,-0.00006762533657886613,-0.0000834691038957747,-0.00007077126044586068,-0.000051363286691266575,-0.0000831952511854282,-0.0000607145955480316,-0.000012568747617372422,-0.00004570803455605911,-0.000031662354583906836,-0.000047155671194635886,-0.00007057596617578812,-0.00009375666020876857,-0.00009016329513428636,-0.00003076758078907617,-0.00009143216842983363,-0.00006454891525167997,-0.00002091094528492672,-0.00006171648139677184,-0.00009638474056931463,-0.00009772878004369138,-0.0000997762675536356,-0.00010328544350576844,-0.00010251443295523746,-0.00008858420988594648,-0.00007911743661741468,-0.00003575830126710877,-0.00005965570361860101,-0.00003408199517141614,-0.000047610214133171135,-0.0000309878023810859,-0.000028358219920675202,-0.000043602883781549314,-0.000038719601274125277,-0.000018027432339236794,-0.0000328397473961847,-0.00004752230398328309,-0.000004273514400819786,-0.000015111794471820667,-0.000018986911397066003,0.000008732846736300945,2.223138009952577e-7,-0.000008443894566876059,-0.00002719396669769799,-0.000013184357555501267,0.000002475440387756265,0.000014760690062720532,0.000011914494443732524,-0.00002662256440543991,-0.000002159917168558571,-0.000010913085693938574,-0.00003061034324190568,-0.000008310580243911118,-0.000009279292672331264,-0.00003297119205598344,-0.000015955828659171892,-0.00003380933671747433,-0.000017306977579128534,-0.0000355710972170597,-0.000025145428974910367,-0.000037547148687716875,-0.00002604338969450176,-0.000027013482755504467,-0.000021340988499127725,-0.000022592965753106415,-0.000025892056063409268,-0.000010737039937845304,-0.000007927098832993532,-0.0000021453257959243838,-0.00003286893337625648,-0.00003787839293184541,-0.00003753210812346512,-0.00001929090149308692,-0.000023363244150496464,-0.0000315683578276042,-0.00005096359971030174,-0.000011861316525667398,0.0000044082005726360759,-0.000024782797784814347,-0.000010197455585319445,0.000019525470464983723,-0.00004422906687888712,-0.000024509629323839645,0.000006905339376239067,-0.000023227111870932856,-0.000025456321814297702,-0.000014313732194758898,-0.000010636435640152288,-0.00003022504864880087,-0.000006488266809457353,0.0000027022443957991219,-0.00004788251311380887,-0.00005265206601476788,-0.000024488935277134514,-0.0000019643648904910579,-0.00000663318246711087,-0.0000033087467898527984,-0.00003320364681788603,0.000003472923447052545,-0.000034786070756584635,-0.0000181890828351324,-0.00002980145643232118,-0.00003105267180306872,-0.00003296014061131728,-0.000022380097354988833,-0.000017467324080437735,-0.000014791133208270028,0.000011245781815603457,0.000018522017781915148,-0.00002020186157207289,-0.00003884554894202927,-0.000027429716921894146,-0.00004693729366683656,-0.000002872712315288515,-0.000008441132806419134,-0.000021208705726603818,-0.0000015035130464270253,-0.000014074523298903841,-0.000025106442466338504,-0.00004091760152796855,-0.000014641066294815726,-0.00000977697678090394,-0.000015975924666703613,-0.000019115319217440878,-0.000017628076358670432,-0.000007638987515535372,-0.000025463662876033713,-0.00003136632709271889,-0.000017831257294893262,-0.00001399880926034271,0.000007715394180803026,-0.000005811620874184047,-0.00003920275929055719,0.000014716129816633977,-0.000027873248142914893,-0.000016975376330599837,0.000002902447915872553,0.0000029308095426822874,-0.00003207551712240856,0.00000344494520922023,0.000009955057515581306,0.000011635272154270651,-0.000006930288740417736,9.506165237344189e-7,-0.000015070375217866327,0.000030302764749829427,0.000009867385351762048,-0.000006375472192983897,0.00001728565532996432,-0.000003817915378507483,0.000024630382632642537,0.000016793589186077842,-0.0000017081658411307098,-0.000008385530165116691,0.000004673545945711248,0.0000181433446158903,0.000004483907844684515,0.000006922978464365752,-0.0000010202629418330046,-0.000013909382005894975,0.000017946685319223087,0.000010300560083435974,-0.00000880839654718866,-0.000017017109853796466,0.00001448441140625667,0.000005425798359906717,-0.000008582389219926375,-0.000010369530686941574,0.0000017501694261590449,-7.023150124399125e-7,-0.000027148993866150425,-0.000004461927170428058,0.000003398380077873278,0.000023140036279554182,0.000011320556792911995,-0.00003234147506733512,-0.000012069633703899572,0.000015802773549807057,-0.000019227287387370755,-0.000014937758153935703,0.000011645031847358588,-0.000015804408117333625,-0.000024378547446718555,0.000012568446554450773,0.000009291229744857077,-0.000013612627474705724,0.000008248228421586936,-0.000004181060230424742,-0.000009674644547059928,-0.000003072595060536911,-0.000028057350831571997,-0.000025892714137641572,-0.000004605577263891649,-0.000016996240240394528,0.00001688892475055418,4.7486936962194905e-7,-0.000015195756416705091,0.0000013691650153405156,0.000012400423317976006,-0.000029035493655034438,0.0000033685695385193009,0.00001609530596242179,-0.0000034657848430512436,-0.000010131820266307877,-0.0000180888416266222,0.000007911554027404233,-0.000017261213615554498,0.000012725721277813659,-0.00001003687740999749,0.000007823701814925595,0.000009168330673329194,-5.170167003178356e-7,4.1821043455016748e-7,-4.4490553205747308e-8,0.000017837002389131118,-0.00002389142693468009,0.000012170301150793874,0.00002377460137716965,0.000019322615223818703,0.000002137077665362644,0.000010033247861890912,0.000017136749639912184,-0.00003235493205119207,-0.0000016689158404366844,-0.000037189200562014566,0.000012452818409027504,0.0000169030824622918,0.000014463589165112117,-0.00002031562142738921,-0.000017460749323373057,-0.00000536416805603468,-2.1200753593758936e-9,-0.000025250947435057393,-0.000007618979474133103,-0.000035003962910387497,-0.000004799162466800602,-0.000009820057403191725,-0.00002721342054500637,-0.00002874257874054024,-0.000005707181332088358,-0.000042568192879605316,0.000012991264007102629,-0.00002975175068303274,0.0000017304463377916784,-0.000004548354076426264,-0.0000027048633462534319,-0.000022038179417790237,0.000009577739332325149,-0.000013323559879703654,-0.000014146265716511338,-0.000028604689400485032,-0.000049529700326483484,-0.000024023968828039255,-0.00006077947068618025,-0.000023948072995172984,-0.000014322924259748598,-0.00001740040273136147,-0.00003563830159521326,-0.0000061779154575327479,-0.00001864684571977148,-0.000055088839457406736,-0.00001614177610539811,-0.00002141579537494099,